id,name,startDate,endDate,createdAt,updatedAt,deletedAt,customerId,merchantId,purchaseId,status,contractAmount,activatedAt
2d596d6d-6e4b-4d8a-9982-99ca97ef41e5,Contract0,2022-07-11 08:01:26.779628,2024-01-20 23:35:54.473731,2024-09-26 12:43:08.818467,2024-09-26 12:43:08.818468,,5bd73830-efdb-46a4-b8fa-bed41fc16d37,eaa15080-6123-4ff5-9be6-cd04ed498554,e5371ef8-f6f5-466a-9aa8-dd6a0cc66bd0,Inactive,1702.69,2020-10-21 07:44:54.200393
bcf2e599-ca10-4bcc-98ab-2b5045f56c12,Contract1,2023-03-01 00:28:00.593565,2024-06-04 13:37:08.004263,2024-09-26 12:43:08.818518,2024-09-26 12:43:08.818518,,c7117e25-9d6e-4074-b05d-8eef0b763480,de342675-063c-4167-929b-e9a89f59f8a9,f7325243-0a28-44b4-9e60-11d924d1816e,Inactive,19793.33,2022-03-03 19:47:44.324890
52d3341d-a1a1-4eba-bb59-299925b7c73f,Contract2,2021-01-04 20:06:51.597719,2023-10-06 18:08:32.079359,2024-09-26 12:43:08.818541,2024-09-26 12:43:08.818542,,85199da5-00be-459c-88c4-6f7ac6718496,ec78b877-1d43-47f3-af68-827c6dbe9779,154c4563-47c7-4ad9-83ce-11712e2dae06,Inactive,17380.63,2020-03-10 19:03:12.095989
bcda35d4-53c8-45d3-ae55-5d2cb4afaaa1,Contract3,2022-08-15 08:49:37.629196,2021-05-13 14:53:14.452036,2024-09-26 12:43:08.818575,2024-09-26 12:43:08.818576,,a22f6ef8-5406-42bb-b6df-22b4d3b8f4d3,01606b87-d2c9-4435-9eca-42abd8c4c530,7c1fe8dc-e122-4167-a72c-bba5e889f53e,Inactive,15122.85,2023-07-30 04:05:52.163610
a86fbebd-3e9c-4047-9262-c97cfe8b95e2,Contract4,2021-07-18 12:01:57.647477,2024-11-12 01:05:34.774838,2024-09-26 12:43:08.818625,2024-09-26 12:43:08.818626,,dcb42146-ebc7-4aed-961f-127cfdef6c51,a98f5423-d893-401f-82ab-563ec8ea7c5d,9e256be1-870c-4bae-a96a-d044ce37076e,Inactive,7979.59,2023-03-10 01:04:20.814234
c680857f-5c61-48b8-a5e5-647ee3de2add,Contract5,2021-01-24 09:53:35.451271,2020-05-30 18:23:02.366060,2024-09-26 12:43:08.818648,2024-09-26 12:43:08.818648,,69e0e9d4-f7a4-451d-905b-805bd225ec93,d6396418-a9cd-440c-bd60-80b72996e01f,202fe266-63af-485d-9e06-6d7e693ab916,Inactive,12446.61,2023-04-15 14:50:18.366279
5207dfdd-f822-41a0-88a6-3599507a826a,Contract6,2022-03-07 09:25:22.378642,2021-08-09 05:03:38.000877,2024-09-26 12:43:08.818671,2024-09-26 12:43:08.818672,,5ed795b2-3f38-41d2-add8-91a2db9ffec5,0a196ec1-444a-4047-97fe-93ae51cc7895,5b764931-2d73-4336-bb73-20c4cf81ce7f,Inactive,6823.42,2022-05-29 19:51:42.608449
a3e1f627-94b3-4bd4-bd67-ad8d9677e9ea,Contract7,2021-09-14 03:06:25.897759,2023-06-12 19:41:54.995684,2024-09-26 12:43:08.818706,2024-09-26 12:43:08.818707,,33f802b2-60df-448b-b7d4-c7be147d030f,7910d2b8-9a2f-47b5-aead-4d6800e08098,2380d98c-1a0f-48b4-a488-5758d9296ae3,Active,14809.47,2023-08-23 22:43:02.527873
9bd4f61f-70aa-42ce-9acf-2165c083a1a3,Contract8,2022-06-16 16:23:45.370481,2022-03-04 18:23:38.685406,2024-09-26 12:43:08.818733,2024-09-26 12:43:08.818733,,414de78a-7ae0-4152-81e0-007f854547e0,8a129017-9e47-4c6d-8460-2d86695e3a57,74ac7b89-9ced-4ddd-b8ec-e18b9369d4be,Active,13752.49,2021-08-16 01:36:23.443301
b4b79cbe-5d80-4b2d-863f-3ead90ab9731,Contract9,2022-01-19 02:32:02.839336,2023-09-30 13:31:54.158415,2024-09-26 12:43:08.818756,2024-09-26 12:43:08.818757,,e1fc0da6-4b3c-413d-9974-50f5bf6ca0bd,9dc88e78-ca9b-4dca-b6f4-b95cf80726ed,ce97332c-4c23-4c2b-9495-1851f5809052,Active,17124.72,2022-09-17 00:14:02.668994
d1e05cec-0f3d-4961-842e-7e87f82e5d43,Contract10,2021-10-01 17:34:32.829241,2020-08-18 08:52:30.231979,2024-09-26 12:43:08.818781,2024-09-26 12:43:08.818781,,1f72ea3f-0bdc-436f-be77-447b0f2c0715,23c8c25a-cef1-45b3-9963-8a8185a0afa9,2d9ec1f8-df9f-46ba-af34-80cb33db1ad5,Inactive,7880.86,2023-10-18 05:19:39.360981
2516a58f-ede4-48d5-93f0-7bda7892e112,Contract11,2020-02-17 06:46:54.308091,2020-10-07 00:35:29.603762,2024-09-26 12:43:08.818802,2024-09-26 12:43:08.818803,,edd45bd6-8916-40a9-bc24-6e613cfc7458,f7dd3eee-1a93-47cd-ab75-2f376190055e,8333d317-224b-4f24-86f8-be33d61742a5,Inactive,9434.85,2020-04-22 06:03:55.534382
2207a142-6926-42d8-9821-da824e8b54b3,Contract12,2020-07-20 00:50:11.681922,2021-10-31 16:24:27.903736,2024-09-26 12:43:08.818825,2024-09-26 12:43:08.818825,,c7117e25-9d6e-4074-b05d-8eef0b763480,69129525-1e0a-4efb-bf4a-d61a2eb0f528,dd2e65bb-b8af-4401-8710-f36ee9dfce55,Inactive,5742.62,2020-06-14 15:14:21.785925
34114a8f-57f7-45be-8e07-2226f871a546,Contract13,2022-12-10 02:02:49.474173,2022-06-29 18:07:31.653240,2024-09-26 12:43:08.818846,2024-09-26 12:43:08.818846,,27809810-7478-4aec-b36f-1e3b9bea928a,5dabe3af-ba8b-4478-98fd-32257231ac26,e07fc45c-b31c-4c87-afbe-afade47d099b,Active,5973.76,2021-01-15 00:33:12.890672
f852c619-41a4-4642-a678-f1e2162e3a8f,Contract14,2021-10-13 13:24:35.491294,2024-12-23 08:47:30.884563,2024-09-26 12:43:08.818899,2024-09-26 12:43:08.818899,,3b1cc4c7-befb-4f70-864a-7c7d33002d9b,b28cb906-e99a-4d9f-9c93-305b69320fb9,9e256be1-870c-4bae-a96a-d044ce37076e,Inactive,4803.39,2020-07-17 03:55:25.526200
354f0886-67cd-4f8a-bbc7-ae440f0b5f63,Contract15,2020-04-18 02:47:00.429886,2020-11-11 02:20:55.473004,2024-09-26 12:43:08.818933,2024-09-26 12:43:08.818933,,d5b678c6-4490-4bcc-83c8-a6b2f728e1e0,ab29c984-bdfa-4dbf-8909-971de9875127,3a700d0c-6e4b-4afe-8b74-30ba603e6a10,Active,16399.75,2023-11-13 15:20:44.599782
d266d3e6-d954-4d24-a0df-ae87308a3e48,Contract16,2023-12-11 09:34:33.865942,2023-05-03 19:22:58.164300,2024-09-26 12:43:08.818965,2024-09-26 12:43:08.818966,,d5b678c6-4490-4bcc-83c8-a6b2f728e1e0,db861afe-0144-4bc3-9b60-d00a73bd446a,2e00fdba-a909-4c0e-bd72-100a4c724d41,Inactive,17935.3,2023-05-27 23:43:34.530202
5109554e-dd40-4d1f-a323-4e788cabf8b4,Contract17,2022-11-05 05:47:27.615886,2024-08-19 08:48:40.336111,2024-09-26 12:43:08.818990,2024-09-26 12:43:08.818990,,414de78a-7ae0-4152-81e0-007f854547e0,9b94f444-dfc8-455b-becf-5faf880ed6c6,9aac52bc-1c2a-4f66-8724-987a8bf2ecda,Inactive,10666.36,2020-06-26 04:32:25.533417
2b6da0b4-6369-48ef-b8e5-94ef2bc678a6,Contract18,2020-10-20 10:21:07.941838,2020-09-10 10:48:25.183010,2024-09-26 12:43:08.819011,2024-09-26 12:43:08.819011,,dcb42146-ebc7-4aed-961f-127cfdef6c51,8018049a-9faa-4555-bd4c-780df2af926e,ce97332c-4c23-4c2b-9495-1851f5809052,Inactive,11526.41,2021-06-22 14:38:50.060986
07934afc-3ef6-479a-bc56-545dd3d707d3,Contract19,2023-03-19 08:18:24.800947,2022-10-03 18:08:08.541519,2024-09-26 12:43:08.819040,2024-09-26 12:43:08.819040,,13c6303d-95ea-4fc5-bbe8-854c9b4483ec,ced97d8c-d2cd-4e34-b9c8-121c51e6e042,638aba73-4457-4478-ac59-40b9bd7caed0,Active,6876.52,2023-12-30 09:48:37.222059
774f5b2f-db53-4fe1-8efb-a2b13579c634,Contract20,2022-11-15 13:11:34.377255,2022-08-17 09:28:10.853642,2024-09-26 12:43:08.819061,2024-09-26 12:43:08.819061,,0c287eb8-f404-4f01-a418-698e15c76619,61f8af98-556f-4f2c-9499-00dfea917d24,3ed06687-ad8b-4843-8f94-5e2406760169,Active,3381.21,2021-04-07 20:38:58.462567
2f435174-bcf4-42bf-aa23-50be5038af98,Contract21,2020-04-18 06:44:32.253275,2022-04-30 03:29:38.916249,2024-09-26 12:43:08.819081,2024-09-26 12:43:08.819082,,a818f3a6-4230-46a2-b3f2-263e8be72293,ee8d7743-4a57-412d-8353-1ff685a2226d,ddaabc5c-a82b-46b7-a462-ba3838369ca0,Active,17681.24,2023-02-13 04:24:46.895380
5beb164d-a5b8-4deb-8340-02dfc79a5688,Contract22,2022-07-23 02:22:45.426028,2020-11-28 01:59:07.371541,2024-09-26 12:43:08.819102,2024-09-26 12:43:08.819102,,d1a3b2b1-0818-46f7-a39c-d05d5ea67f8e,6f8531cb-55c4-458c-b609-ba7644e9e32b,7c1fe8dc-e122-4167-a72c-bba5e889f53e,Active,16796.43,2022-01-26 10:17:55.455567
2370197b-da11-4f0c-9fda-6548909ca590,Contract23,2021-03-20 00:31:26.327905,2020-10-22 14:09:10.182774,2024-09-26 12:43:08.819130,2024-09-26 12:43:08.819130,,d5b678c6-4490-4bcc-83c8-a6b2f728e1e0,ebb88f17-821f-4c8f-a342-21aab185ecca,65d077fa-be29-413a-9a24-6c18b24a9fea,Inactive,19002.18,2022-01-27 14:10:43.251180
d573008e-dfba-4917-b147-781a6602cea1,Contract24,2021-02-18 17:03:10.049999,2020-05-23 22:03:49.786577,2024-09-26 12:43:08.819151,2024-09-26 12:43:08.819151,,85199da5-00be-459c-88c4-6f7ac6718496,0a9b9891-7254-4546-9aa7-53095ca68ca1,28762230-da33-4ed2-8ebb-50224aa9913d,Inactive,3378.24,2021-03-18 02:58:27.112998
d2ae6d7c-0c1e-470a-8bd1-7ab074616f90,Contract25,2022-02-17 21:04:12.587103,2022-07-06 04:42:13.462802,2024-09-26 12:43:08.819172,2024-09-26 12:43:08.819172,,e1fc0da6-4b3c-413d-9974-50f5bf6ca0bd,eae73c1e-f987-45bc-9087-3a556cce8107,e1481d84-b3ee-41b2-9f80-48cea926d057,Active,4252.81,2022-06-30 17:45:02.619632
7d0444ed-caa6-4498-8bf2-0c97a6cb8513,Contract26,2023-08-09 22:06:40.733723,2021-09-08 03:44:16.416003,2024-09-26 12:43:08.819206,2024-09-26 12:43:08.819207,,538c358f-9488-4196-ad5e-2f8ce23c0962,413f5d99-2419-4618-8bf9-ad7dccdf42b8,eecf0efd-4c86-4a13-af8a-e1271d4d3ba5,Active,2543.23,2023-10-16 21:04:54.347241
367139c1-86b6-4070-81c4-6e77089de9de,Contract27,2023-01-30 16:37:25.689209,2021-04-27 23:55:43.547116,2024-09-26 12:43:08.819231,2024-09-26 12:43:08.819232,,3b1e8510-3009-465c-a0b3-94430092f85a,d9399b10-c86d-4244-8dd7-494fbf69723e,fc273d05-be5f-467e-a10f-ffe5d60138b4,Inactive,12744.06,2020-02-14 05:13:04.390656
516dc292-55b5-4a73-8f18-e586fe3af6a2,Contract28,2023-07-21 22:27:02.613497,2022-09-22 16:17:37.605733,2024-09-26 12:43:08.819253,2024-09-26 12:43:08.819253,,265d158b-0b1d-4fbd-85f9-7a356bc9c992,6d8ef790-5c8b-472f-9d21-b0594ac89ceb,4d0922b1-880d-410d-aa3a-8f300cbb1576,Inactive,5652.68,2023-03-24 17:31:11.919306
77a8df0f-d2ee-403f-a369-894cc51553e6,Contract29,2021-08-15 21:28:55.693666,2022-04-07 17:13:58.884371,2024-09-26 12:43:08.819273,2024-09-26 12:43:08.819273,,1d93db97-b6dd-4f7f-8ad7-59cacc5eead9,dabb043e-ed84-4e68-b594-a6195e84ad0f,74ac7b89-9ced-4ddd-b8ec-e18b9369d4be,Active,9352.5,2021-12-08 00:09:34.556263
8f9f9c6f-97ed-4b32-8a89-95bfc0e1c866,Contract30,2020-10-24 20:57:59.022941,2023-01-12 03:43:10.241558,2024-09-26 12:43:08.819293,2024-09-26 12:43:08.819294,,c7117e25-9d6e-4074-b05d-8eef0b763480,170df224-6b56-4fbb-9e8c-ace1de90a17f,e5371ef8-f6f5-466a-9aa8-dd6a0cc66bd0,Inactive,14949.8,2023-06-10 17:38:20.025714
bdd32bb0-9265-4ff1-b4fd-1e185bf5ca13,Contract31,2023-11-25 01:06:33.991695,2020-08-26 15:33:26.776780,2024-09-26 12:43:08.819314,2024-09-26 12:43:08.819314,,a22f6ef8-5406-42bb-b6df-22b4d3b8f4d3,394f5dd5-3b44-4173-997a-5a54fbeaf08c,e07a64f6-854d-4e07-8e58-ca995f12ea03,Active,7063.2,2021-11-12 01:11:55.496774
884babb5-7ca5-4194-8be5-27dbcd753b7d,Contract32,2021-01-25 12:12:26.902348,2021-03-28 10:50:49.396628,2024-09-26 12:43:08.819339,2024-09-26 12:43:08.819339,,58e4a5d1-0fd0-4bff-a6b5-2632b6e46bff,05d5bb6f-0bc3-4eb5-936b-b6eab0b2c4d4,3222edd4-dcf5-4b73-9300-81db3175a2c4,Inactive,18962.31,2023-06-15 16:18:04.740118
87735b77-5d1f-4a5f-bc50-285fff8e7abd,Contract33,2021-09-02 11:26:29.063235,2024-10-22 21:38:25.181099,2024-09-26 12:43:08.819368,2024-09-26 12:43:08.819368,,e1fc0da6-4b3c-413d-9974-50f5bf6ca0bd,c0344095-1de8-4c31-bade-043ecf1c7343,5b764931-2d73-4336-bb73-20c4cf81ce7f,Inactive,4606.85,2020-08-20 15:21:29.205781
bd5d34ca-700a-40b2-ba4c-6a348089cda9,Contract34,2023-12-25 02:46:05.393220,2022-05-01 22:30:07.764825,2024-09-26 12:43:08.819399,2024-09-26 12:43:08.819400,,7643999d-3ac3-4925-95bf-5d5934d2e5e8,590bbac2-835d-4fd2-b982-2ed09a1a1174,417f1074-a032-4f0f-ae16-2b991b3c3b58,Active,2710.93,2021-07-28 03:12:22.072788
66fb19f5-4fc8-4150-acfe-ecb7ba5bd6f2,Contract35,2021-10-29 13:21:42.128381,2021-03-15 07:54:52.060715,2024-09-26 12:43:08.819426,2024-09-26 12:43:08.819426,,509a5d04-a3c4-47f1-b10a-4aa47e66bdc4,393e116d-54a8-4f8a-95e3-8939477a5ef6,c92838c2-9d54-40e8-af58-bc68e37555a0,Active,1960.27,2021-12-23 13:05:34.409480
73342452-d2e0-4049-a0fb-1084d8f31619,Contract36,2023-07-12 05:10:30.906990,2023-04-09 00:35:22.616755,2024-09-26 12:43:08.819447,2024-09-26 12:43:08.819448,,63497c89-9f46-4057-a01a-92fd8638e617,81695047-08e7-418b-b8ce-9075f5637944,154c4563-47c7-4ad9-83ce-11712e2dae06,Active,17096.27,2021-09-21 03:42:32.536576
d0b4b8c9-d1bb-4357-b899-fd04e1441503,Contract37,2023-07-12 09:14:55.720995,2023-08-20 16:51:11.430509,2024-09-26 12:43:08.819468,2024-09-26 12:43:08.819468,,a9e7708f-52b6-44f7-b600-44e21cb3d0e8,4ef6df94-bbe9-400e-adbc-16c3340e4b34,a8a41099-1c75-4ece-a9a8-d677b01bbe3e,Inactive,1859.61,2020-03-15 16:33:55.317242
b7449e18-dba1-4695-8f6f-a07ef0da941c,Contract38,2022-03-31 06:03:46.639493,2021-10-23 14:32:28.990895,2024-09-26 12:43:08.819488,2024-09-26 12:43:08.819489,,3b1cc4c7-befb-4f70-864a-7c7d33002d9b,e0e7ed98-f6a7-4ed1-90ef-4aca49e3d24b,959c8dab-1df6-46f8-aadb-10c79fb10007,Inactive,10580.86,2023-01-21 00:43:12.645630
880c1512-f1a5-4e9f-a0c8-1ec80c0adadb,Contract39,2021-02-12 09:24:45.158200,2024-12-10 02:10:21.673876,2024-09-26 12:43:08.819509,2024-09-26 12:43:08.819510,,3d09ec27-8d40-49a7-84c0-0a3a21c6fb27,ae94b55a-7f7b-4442-ac34-eff7b079c387,3d1abfc3-6a43-4193-bc00-2e4d31b04c35,Active,3444.6,2020-05-21 03:43:09.373104
70dc64fc-0501-4462-b6da-6f25c73e6abe,Contract40,2021-06-28 20:52:10.937358,2024-12-05 21:17:58.928338,2024-09-26 12:43:08.819530,2024-09-26 12:43:08.819530,,632d0999-c1ce-402a-bdb3-a94ea27fefc7,b839f3e0-036d-479d-874b-e3a49190ea61,665af35e-a128-467d-9fdd-a270c86da18b,Active,4782.1,2022-01-13 07:39:10.686709
2eb610f6-6e71-4011-a10c-45d63f30034d,Contract41,2021-12-31 02:43:47.068015,2020-03-23 16:17:12.617008,2024-09-26 12:43:08.819557,2024-09-26 12:43:08.819557,,d1a3b2b1-0818-46f7-a39c-d05d5ea67f8e,7b0f12f9-a1e4-4ccf-a45a-04decd622a61,e5371ef8-f6f5-466a-9aa8-dd6a0cc66bd0,Inactive,16275.35,2022-01-28 05:25:05.412256
6d55192e-37a5-4058-b30e-e9124cb26220,Contract42,2020-08-05 10:52:51.192331,2024-06-17 23:10:05.206860,2024-09-26 12:43:08.819577,2024-09-26 12:43:08.819578,,d1a3b2b1-0818-46f7-a39c-d05d5ea67f8e,cb3d6174-4bdc-415d-8fce-8890d0a58c86,5b764931-2d73-4336-bb73-20c4cf81ce7f,Inactive,4087.54,2023-12-17 07:10:31.598912
c88c6928-4232-4271-9e09-86c68da797d1,Contract43,2022-12-15 09:45:01.420197,2021-06-30 02:27:51.129865,2024-09-26 12:43:08.819627,2024-09-26 12:43:08.819628,,ae2acca8-fd30-47d1-b784-5cde41dfbbc7,cfcd7145-85be-4c7a-a5e4-0b97f2fc0f32,2b5329e6-0a18-4acf-9a3b-5cc2c70411c4,Inactive,14466.06,2021-03-13 16:39:40.998236
fb431568-8d7d-43b7-be0a-6d89eab71f6d,Contract44,2023-04-05 23:50:20.820709,2021-11-03 06:04:19.459635,2024-09-26 12:43:08.819655,2024-09-26 12:43:08.819656,,3d09ec27-8d40-49a7-84c0-0a3a21c6fb27,0481a623-2384-4dc6-a0bb-01a785924ca4,c872f829-75d5-49f0-a45f-fd787468aac2,Inactive,12090.34,2023-03-09 06:17:19.248404
2e64a949-23df-46cf-99a7-6e5ded3ae556,Contract45,2022-11-24 23:21:37.468141,2023-06-09 16:18:42.921653,2024-09-26 12:43:08.819677,2024-09-26 12:43:08.819678,,06d68488-435a-4a4d-bfb7-1eeb9c1561ad,552dc5b6-4954-465e-8566-b92db68642a3,9a58bc4f-d8b6-4e3f-9011-b7cab36848b6,Inactive,6045.08,2022-08-15 03:54:27.594292
6f8ca177-44a0-4b5a-b317-d1ab226fcfdc,Contract46,2023-11-20 04:52:21.055496,2022-11-21 17:10:32.705329,2024-09-26 12:43:08.819699,2024-09-26 12:43:08.819699,,731cac87-15d5-4035-82a1-7ce2226be8e5,68fb99ae-4b88-455f-8574-d9409fb36a76,6ed0c8ec-e55e-4bfd-8aaf-ee9c04acffe6,Active,12086.94,2020-09-05 22:44:33.516971
85cfc4ea-40cc-40f0-a271-85d38cf95835,Contract47,2022-07-07 09:02:40.019041,2023-02-05 00:25:41.811412,2024-09-26 12:43:08.819720,2024-09-26 12:43:08.819720,,27809810-7478-4aec-b36f-1e3b9bea928a,25b68e49-1457-43b6-9e36-1fc4f60bdc9c,bca0254c-759e-472d-8193-8fcaca8df02a,Active,1599.84,2023-10-16 09:06:33.063415
55cc5e14-be13-48a4-9700-1bd69bdd2da0,Contract48,2020-06-09 10:44:20.643118,2020-02-04 13:27:24.108443,2024-09-26 12:43:08.819741,2024-09-26 12:43:08.819741,,c7117e25-9d6e-4074-b05d-8eef0b763480,c86969dc-7d96-41a3-a389-1bc9a7553b69,cebd0f19-c119-4396-92bc-106e7f98f849,Active,8846.24,2020-10-24 16:21:52.422778
cc7db558-988a-4afc-b39f-fdbb9253d961,Contract49,2022-01-02 15:45:19.589648,2023-01-20 22:44:20.483734,2024-09-26 12:43:08.819789,2024-09-26 12:43:08.819790,,63497c89-9f46-4057-a01a-92fd8638e617,04868b53-5609-4f20-b625-01dcf64a71f7,d37bc46c-b3de-4a1a-b690-78c3188fdf52,Active,14409.73,2022-01-27 06:39:35.039039
c76dbac1-d497-4f61-895d-08163d8c624f,Contract50,2022-03-29 21:28:21.081787,2024-12-26 13:46:53.890176,2024-09-26 12:43:08.819827,2024-09-26 12:43:08.819828,,63497c89-9f46-4057-a01a-92fd8638e617,5836c248-366b-4e8d-a538-6c4ee4e9402a,b9966f29-a707-4a82-9a93-e7a4c0f47c20,Inactive,6961.3,2020-09-09 20:18:43.675059
a736feaa-1cfc-4ff8-945e-70e497c6db79,Contract51,2023-08-24 16:49:50.155598,2021-09-16 17:55:24.148074,2024-09-26 12:43:08.819848,2024-09-26 12:43:08.819849,,33f802b2-60df-448b-b7d4-c7be147d030f,d91a8ec1-44bb-45a1-8073-9fcd5fb1ffe2,7bf87dd0-caf6-41aa-8da2-3a5540509af1,Inactive,12591.46,2020-10-07 16:56:11.351582
ba4539c5-aab1-4bca-a2a4-d8763e4721ad,Contract52,2020-12-25 22:01:49.831963,2022-10-15 12:11:43.099311,2024-09-26 12:43:08.819869,2024-09-26 12:43:08.819870,,731cac87-15d5-4035-82a1-7ce2226be8e5,9ab884fd-3c32-4449-bcd9-01e12dddb3b5,4d0922b1-880d-410d-aa3a-8f300cbb1576,Inactive,14393.12,2022-10-04 18:00:23.404280
94dc1bcb-7a4b-4d40-af67-9bc20c48c0a1,Contract53,2021-12-14 22:40:04.461902,2022-05-25 15:23:23.770501,2024-09-26 12:43:08.819890,2024-09-26 12:43:08.819891,,632d0999-c1ce-402a-bdb3-a94ea27fefc7,dfc10fa3-a7a5-4bcf-85a2-19fe9a2518fb,6ed0c8ec-e55e-4bfd-8aaf-ee9c04acffe6,Inactive,6468.0,2022-04-17 06:37:37.947837
2521ff53-db80-4c0a-9d96-5d6e98403dae,Contract54,2022-03-04 01:24:29.986809,2024-06-22 18:18:29.575663,2024-09-26 12:43:08.819911,2024-09-26 12:43:08.819912,,7e1930d6-98c1-4b28-ac88-7e9fc5948796,d5406ab4-9347-4980-a7fb-0830c7422e1a,ddaabc5c-a82b-46b7-a462-ba3838369ca0,Active,6518.6,2021-02-23 22:34:01.812574
159390fb-de98-466e-a6b3-492f9d960474,Contract55,2022-11-08 15:30:38.570198,2021-09-24 02:43:18.902597,2024-09-26 12:43:08.819931,2024-09-26 12:43:08.819932,,edd45bd6-8916-40a9-bc24-6e613cfc7458,c46c3224-116b-4757-85f8-161df08e1b64,dd2e65bb-b8af-4401-8710-f36ee9dfce55,Inactive,15199.43,2020-11-08 10:05:51.918066
b894b8bb-60f1-430f-aa1c-0bebe0940157,Contract56,2023-04-23 19:25:39.687317,2021-05-09 19:36:47.604641,2024-09-26 12:43:08.819952,2024-09-26 12:43:08.819953,,632d0999-c1ce-402a-bdb3-a94ea27fefc7,631fee9c-9fb0-459f-8856-2a6a6e374899,62238990-84da-43b5-86e0-710bbf9f81c8,Inactive,3608.19,2022-06-17 21:19:23.829182
6e9521e6-cd3d-46e6-a922-8d6413d9b23c,Contract57,2022-05-06 18:32:26.411717,2021-03-18 11:39:43.496534,2024-09-26 12:43:08.819973,2024-09-26 12:43:08.819973,,dd543f4d-3364-4774-bfe6-b7836517830a,44cf9fda-8bb6-4851-9a4d-bc3015718c43,b9966f29-a707-4a82-9a93-e7a4c0f47c20,Active,13120.95,2020-03-17 15:17:18.181157
791b69bf-c646-4428-954a-a3073d4ba4f7,Contract58,2021-08-26 10:04:47.518792,2023-08-02 04:16:58.309538,2024-09-26 12:43:08.820000,2024-09-26 12:43:08.820001,,58e4a5d1-0fd0-4bff-a6b5-2632b6e46bff,078b2457-b551-465e-b64b-5c7dc50b03e2,e28f09b7-ac40-49e0-8bae-ecb7c2ddb710,Active,1098.45,2022-03-14 12:21:14.057704
05faa3de-2ea8-4e7c-bccf-7891b2e548be,Contract59,2023-09-18 11:39:10.055362,2022-01-12 14:32:46.959913,2024-09-26 12:43:08.820187,2024-09-26 12:43:08.820188,,63497c89-9f46-4057-a01a-92fd8638e617,48a4cf0d-76b4-4570-86a7-36cb9f62fc70,0370906c-96c1-4c1f-a7f2-03d897e56a61,Active,15362.31,2021-02-23 09:03:58.018523
4d3378ba-c31f-49d4-9c73-586fe9b99e9e,Contract60,2021-02-20 16:57:12.813198,2020-04-17 23:19:16.598558,2024-09-26 12:43:08.820209,2024-09-26 12:43:08.820209,,0c287eb8-f404-4f01-a418-698e15c76619,8111429b-7fcf-4ee1-964e-7fd4928aebb4,638aba73-4457-4478-ac59-40b9bd7caed0,Active,11167.89,2022-11-21 18:02:36.404212
60279592-2623-4c25-ae9b-f5281fdbc269,Contract61,2023-09-29 12:53:42.239263,2024-07-24 15:27:43.143622,2024-09-26 12:43:08.820230,2024-09-26 12:43:08.820230,,c1c21fe1-334c-488c-9135-57364b58525b,64f65fec-7946-49e2-a310-c71c07bfe456,cebd0f19-c119-4396-92bc-106e7f98f849,Active,18744.53,2020-02-23 01:20:53.939069
bfaa0e2b-fe14-4f1e-a572-4928425a0a09,Contract62,2023-05-05 20:33:36.222704,2023-12-09 00:40:32.118822,2024-09-26 12:43:08.820251,2024-09-26 12:43:08.820252,,c1c21fe1-334c-488c-9135-57364b58525b,53c7c595-2b60-41dd-928f-4f81f47678d6,97256977-4f85-4c1d-9aac-47ad5fd84f56,Inactive,17658.12,2020-01-14 12:43:17.700754
c591a21c-baaa-443d-a591-ec9a94df420c,Contract63,2022-04-09 05:23:01.960814,2020-07-14 19:46:12.921171,2024-09-26 12:43:08.820280,2024-09-26 12:43:08.820281,,ae2acca8-fd30-47d1-b784-5cde41dfbbc7,bdbe2db5-60f1-40cc-b9b6-8ebff93d955c,154c4563-47c7-4ad9-83ce-11712e2dae06,Inactive,19792.89,2022-03-04 05:14:56.197811
d974943e-789e-449e-ad8c-0c161f9b3739,Contract64,2021-12-22 02:41:28.351598,2024-09-08 20:56:59.914501,2024-09-26 12:43:08.820304,2024-09-26 12:43:08.820304,,ec5f4bf8-0ed9-4146-8f89-80ac1de665cb,48503032-429c-41c3-8016-c8283bfc57c4,c09cd4ef-42f5-43b0-aa74-6ac0e5be5f2b,Inactive,4663.42,2020-06-13 11:08:33.022126
3ff14535-ce09-44ee-9cf6-55ca79bcf4a0,Contract65,2020-08-25 05:47:56.253813,2022-04-17 12:27:13.792383,2024-09-26 12:43:08.820346,2024-09-26 12:43:08.820347,,36568b24-b2d2-4473-a86c-1e8d7b53535a,bb30866f-7cdc-4939-90bf-c8c35f918110,e5371ef8-f6f5-466a-9aa8-dd6a0cc66bd0,Active,1267.6,2021-05-07 04:24:38.749372
74caab54-3fac-41a4-b558-d3c8e65382cb,Contract66,2021-03-06 17:38:59.958046,2023-05-15 18:46:11.738603,2024-09-26 12:43:08.820367,2024-09-26 12:43:08.820367,,85199da5-00be-459c-88c4-6f7ac6718496,e37fe640-26dc-45ce-8bcb-a027daa97433,9aac52bc-1c2a-4f66-8724-987a8bf2ecda,Inactive,16712.81,2022-01-22 07:26:03.443824
cf580869-7b52-4d7a-ad21-54e99adf9f8d,Contract67,2020-05-06 15:17:29.239751,2023-05-06 09:24:22.965682,2024-09-26 12:43:08.820389,2024-09-26 12:43:08.820389,,c1c21fe1-334c-488c-9135-57364b58525b,fa58c39b-dd80-46fc-a8fb-2713ea20e6c3,058a853a-73e7-475c-819f-691af1dcf67d,Inactive,7148.43,2020-12-28 03:34:11.322108
cec058c6-6bd5-407d-865d-a466ff1bbc9c,Contract68,2021-01-15 17:54:57.990143,2021-03-05 19:49:51.141746,2024-09-26 12:43:08.820415,2024-09-26 12:43:08.820415,,a9e7708f-52b6-44f7-b600-44e21cb3d0e8,103388c3-15cc-48eb-87d0-d23c55177849,dffee0f3-d0bc-4e58-8e2b-69479763b45c,Inactive,6736.97,2022-11-21 09:48:13.662615
ed4bbefb-5e6f-4048-bbb1-f68391da0422,Contract69,2020-01-17 16:42:29.254189,2023-04-07 23:19:53.319629,2024-09-26 12:43:08.820436,2024-09-26 12:43:08.820436,,1d93db97-b6dd-4f7f-8ad7-59cacc5eead9,7cae0771-4fec-4aaa-828b-abb75cfface7,f7867b55-f714-4d00-ad8b-37811507b79d,Active,13687.94,2021-11-10 11:26:25.737379
0cde99d9-870c-402c-9ece-03e97551ecdf,Contract70,2020-08-21 04:28:39.201506,2023-06-06 02:01:28.384430,2024-09-26 12:43:08.820461,2024-09-26 12:43:08.820462,,d5b678c6-4490-4bcc-83c8-a6b2f728e1e0,d0ae81c8-a8e9-4e60-88c3-eb89f3cf38b6,fc273d05-be5f-467e-a10f-ffe5d60138b4,Inactive,14115.52,2022-07-21 12:26:41.405951
28e71adb-6b93-41b0-9743-104f244db401,Contract71,2023-10-05 07:52:20.121803,2021-11-01 18:25:22.641150,2024-09-26 12:43:08.820492,2024-09-26 12:43:08.820493,,731cac87-15d5-4035-82a1-7ce2226be8e5,a687e345-d9b6-4bd0-9f1f-472497ff93cf,65d077fa-be29-413a-9a24-6c18b24a9fea,Active,10085.46,2021-10-26 06:27:09.697983
8d10ce02-bc79-4902-b711-d3f4c24ea60f,Contract72,2023-12-14 16:52:55.865322,2021-11-12 20:46:05.084500,2024-09-26 12:43:08.820514,2024-09-26 12:43:08.820515,,1d93db97-b6dd-4f7f-8ad7-59cacc5eead9,c48c0ec7-cb20-4aa0-becd-bb5474879844,0f5127cc-d987-4e43-9b9f-c449378106ee,Inactive,15389.66,2023-03-16 21:54:16.243100
c3208939-23b2-4db3-ba0a-1f3be5424947,Contract73,2023-04-20 09:08:49.050202,2023-10-22 09:27:04.877044,2024-09-26 12:43:08.820534,2024-09-26 12:43:08.820535,,3d09ec27-8d40-49a7-84c0-0a3a21c6fb27,2bf86c14-ef6d-442d-94d2-f1327498088a,86c340ca-edca-40a1-8236-e3bd2a002019,Active,10984.63,2022-02-10 03:11:10.563089
d67b3b7d-5865-4b47-a7c6-c2e9c6f41bac,Contract74,2021-06-12 04:56:30.455122,2024-07-31 23:19:05.365224,2024-09-26 12:43:08.820559,2024-09-26 12:43:08.820559,,adbf5fb9-0657-4b1b-a8d5-10c3a9f51fd1,3990d388-1fd0-49b4-abf0-83bf29b58241,74ac7b89-9ced-4ddd-b8ec-e18b9369d4be,Active,11881.33,2020-08-06 18:49:38.797103
b2cd9264-2bf3-4fee-ae6a-cf636b601963,Contract75,2021-04-24 01:14:31.295353,2022-08-07 14:57:34.214017,2024-09-26 12:43:08.820579,2024-09-26 12:43:08.820580,,adbf5fb9-0657-4b1b-a8d5-10c3a9f51fd1,c376f238-94b7-4d35-b863-fb5b48a66812,e28f09b7-ac40-49e0-8bae-ecb7c2ddb710,Active,14621.44,2021-12-14 16:31:55.047954
c23fdc94-c6e1-495b-baa4-2e5c891b1174,Contract76,2023-08-05 09:04:58.382544,2022-03-24 00:08:30.904081,2024-09-26 12:43:08.820629,2024-09-26 12:43:08.820630,,69fb9583-a1db-4ffc-b8d1-51773a7d629c,35d2064a-c792-4f98-912d-87a10b7866f6,944d8d43-b208-4f97-9a0f-52058c5a26d3,Active,10751.71,2021-10-28 22:13:06.920199
0b1da824-f88f-4055-926b-a044be770afd,Contract77,2020-03-25 07:05:48.493952,2022-04-23 20:10:11.248913,2024-09-26 12:43:08.820654,2024-09-26 12:43:08.820654,,7643999d-3ac3-4925-95bf-5d5934d2e5e8,fa581ae9-5513-41c5-aa4b-3bf6d39e19fc,6ed0c8ec-e55e-4bfd-8aaf-ee9c04acffe6,Active,8523.03,2023-04-07 00:31:15.732109
c9219364-188b-4444-b2c3-a06bdcdd4206,Contract78,2022-12-24 20:59:20.682337,2022-11-21 10:02:00.274509,2024-09-26 12:43:08.820680,2024-09-26 12:43:08.820680,,7f3ce761-0659-4384-99ec-977078db8e87,00d0f7d3-6871-46f1-922a-338ec56c6d3e,6ee97089-ab97-4897-be60-0019254afbb4,Inactive,14307.31,2022-03-01 02:22:09.058656
b29fe2af-1bce-4601-bf67-d4efcfd50645,Contract79,2020-03-28 23:21:26.356860,2024-06-19 22:46:04.460967,2024-09-26 12:43:08.820701,2024-09-26 12:43:08.820702,,63497c89-9f46-4057-a01a-92fd8638e617,33978514-5898-4d94-96ca-b7f5e0a7af46,b2adbee9-f9f8-4c04-ad55-552c3f6beb47,Inactive,8768.47,2023-01-27 16:46:51.862531
ba7c4d17-7154-49ce-9c35-19b54fb7ca1e,Contract80,2023-01-23 02:36:07.234729,2024-11-20 10:59:52.366832,2024-09-26 12:43:08.820730,2024-09-26 12:43:08.820731,,265d158b-0b1d-4fbd-85f9-7a356bc9c992,cba22473-51ef-4781-be8c-5a38b9a72f1d,cebd0f19-c119-4396-92bc-106e7f98f849,Inactive,19864.28,2021-07-12 10:05:09.040387
d9d2de5a-9032-4a66-aa42-9247861d99dc,Contract81,2023-06-23 15:29:41.270234,2024-07-12 20:24:29.681195,2024-09-26 12:43:08.820756,2024-09-26 12:43:08.820757,,27809810-7478-4aec-b36f-1e3b9bea928a,4645349d-ebcd-4db8-abbb-9bf3b13bba74,202fe266-63af-485d-9e06-6d7e693ab916,Active,13417.15,2021-05-22 17:51:24.643281
7fd1aaa5-a2a1-493c-a614-d8a4257f4e23,Contract82,2020-09-17 13:42:57.457095,2022-09-07 11:55:18.135237,2024-09-26 12:43:08.820778,2024-09-26 12:43:08.820779,,a818f3a6-4230-46a2-b3f2-263e8be72293,a36b0a2e-0de1-43c5-bbb3-50e35a59519e,3ea1d37a-09e5-4d34-99d3-d90e2753e6af,Active,16861.61,2023-01-09 00:31:36.107965
0df84a1a-bd93-45ed-a8f6-28b9787217b7,Contract83,2023-11-29 14:18:48.675877,2022-04-24 23:34:15.140393,2024-09-26 12:43:08.820799,2024-09-26 12:43:08.820800,,83576af7-115a-4ceb-9fc5-eb7239f46fbf,8abc63e4-6560-4669-b3bf-94bce243182f,d98849bd-8b2c-4b6a-8df5-642ad0562e95,Inactive,11106.74,2023-04-17 02:32:59.012331
ab61c79f-f29a-4658-8b7c-507b86acd60b,Contract84,2020-12-27 08:49:18.585020,2021-09-23 17:47:47.012849,2024-09-26 12:43:08.820822,2024-09-26 12:43:08.820823,,1f9e5c9b-6a6f-4c59-a67f-b4bcb4a146e4,657c3ef4-23c1-46c9-b386-21e74729dab7,edb1d97d-9a56-4bf9-92e4-13316e94952e,Active,1612.13,2022-08-21 21:19:36.877843
be24fc19-29bb-460d-98c0-1fb0834c4f55,Contract85,2022-06-16 18:54:33.050161,2024-09-04 15:13:16.863177,2024-09-26 12:43:08.820851,2024-09-26 12:43:08.820852,,06d68488-435a-4a4d-bfb7-1eeb9c1561ad,173742b7-66eb-4053-b57f-6ccf0cf4afbe,f7867b55-f714-4d00-ad8b-37811507b79d,Active,2278.53,2022-05-17 03:48:10.539636
a16060c2-361a-4e00-a81f-fe51346c0ccc,Contract86,2021-10-13 19:17:41.860864,2023-05-11 10:38:07.062011,2024-09-26 12:43:08.820884,2024-09-26 12:43:08.820885,,69fb9583-a1db-4ffc-b8d1-51773a7d629c,a84bd808-63e7-4c45-bff4-2721a0a5e511,80dde5fc-e3e2-48c4-be1e-8dad734d2c18,Active,8643.04,2020-12-08 03:14:53.945535
2aea206b-815f-497f-ba91-34584700fcdd,Contract87,2020-11-13 05:06:47.248637,2024-04-25 07:23:04.664214,2024-09-26 12:43:08.820920,2024-09-26 12:43:08.820921,,69fb9583-a1db-4ffc-b8d1-51773a7d629c,3a0d156f-abdc-45d7-8a5f-1a826fe035b2,058a853a-73e7-475c-819f-691af1dcf67d,Inactive,5449.07,2023-08-30 22:33:07.346087
ec6c0613-6321-4197-9e5d-0c3cfd5b73ed,Contract88,2022-04-21 02:54:22.171440,2022-11-19 21:23:48.772101,2024-09-26 12:43:08.820942,2024-09-26 12:43:08.820942,,0c287eb8-f404-4f01-a418-698e15c76619,e096bbb8-ea5d-4d8a-97d1-883bc33330c0,7bf87dd0-caf6-41aa-8da2-3a5540509af1,Inactive,5501.18,2023-07-03 08:05:29.792293
c8fb75da-deee-430a-9e02-17cf6bb01edc,Contract89,2023-12-10 02:46:20.812110,2022-08-09 06:47:46.236493,2024-09-26 12:43:08.820966,2024-09-26 12:43:08.820967,,b155adc4-8243-46a6-99be-252f7291159b,641ae76c-38af-48ff-9740-72e30fac7777,4d0922b1-880d-410d-aa3a-8f300cbb1576,Inactive,2158.2,2023-10-16 20:08:59.050091
cd68ba88-04fc-4c58-92cf-877692bf8390,Contract90,2023-07-08 09:10:29.061748,2024-07-21 15:06:06.315047,2024-09-26 12:43:08.820991,2024-09-26 12:43:08.820991,,414de78a-7ae0-4152-81e0-007f854547e0,53cb89a6-71c8-43da-ba3e-24befeebe127,7bf87dd0-caf6-41aa-8da2-3a5540509af1,Inactive,11561.16,2020-03-09 10:49:07.525970
a4017f02-0008-4402-a9a1-a01dce791820,Contract91,2021-05-17 20:17:44.286836,2023-03-20 01:14:37.177534,2024-09-26 12:43:08.821011,2024-09-26 12:43:08.821011,,27809810-7478-4aec-b36f-1e3b9bea928a,add43d99-fa3c-41af-834c-b4f905f38619,b9966f29-a707-4a82-9a93-e7a4c0f47c20,Inactive,14229.86,2021-08-19 01:24:05.601992
b20d088d-dbd8-45f6-8a24-e91e4c2e210c,Contract92,2021-03-13 20:05:34.242059,2020-12-01 13:53:57.368866,2024-09-26 12:43:08.821031,2024-09-26 12:43:08.821032,,19698930-bcb9-4aa0-a195-76c0ed57f4c8,23c6cbf2-2943-4055-9a02-734b4e0e31de,6c093836-a3a7-4dc4-9bcd-dc4faa473ea0,Active,17137.48,2021-03-15 01:48:14.812495
112f8a87-0be8-4c0e-9b8a-802101ef0078,Contract93,2022-10-30 01:29:27.542323,2024-01-10 12:59:44.898533,2024-09-26 12:43:08.821053,2024-09-26 12:43:08.821053,,69fb9583-a1db-4ffc-b8d1-51773a7d629c,de5a23c1-73b7-498f-a693-1508b05dd39c,e07fc45c-b31c-4c87-afbe-afade47d099b,Inactive,19387.94,2022-03-24 15:19:40.826289
4a59e88b-ffa7-47ea-ad7a-ea9bd35fec2c,Contract94,2020-07-14 18:36:35.989596,2021-03-19 05:12:10.817006,2024-09-26 12:43:08.821073,2024-09-26 12:43:08.821074,,3b1e8510-3009-465c-a0b3-94430092f85a,999d2bf2-9a49-4a0d-84aa-05f77d216b45,280c023f-112e-44fe-956b-367fef9328db,Active,18522.3,2023-05-21 19:33:13.833444
7c2af347-654c-419e-bb4d-7acdc29454c5,Contract95,2020-05-14 23:56:18.377885,2023-08-15 08:48:37.436600,2024-09-26 12:43:08.821099,2024-09-26 12:43:08.821100,,85199da5-00be-459c-88c4-6f7ac6718496,765b0326-b43d-4bda-8f6a-6e74705161d3,3222edd4-dcf5-4b73-9300-81db3175a2c4,Inactive,8166.19,2022-06-02 06:07:45.844516
9b4924b6-afef-4dbd-9470-e11c008787ec,Contract96,2020-02-27 17:44:46.677888,2020-05-12 19:57:12.897776,2024-09-26 12:43:08.821151,2024-09-26 12:43:08.821152,,a9e7708f-52b6-44f7-b600-44e21cb3d0e8,950a5cef-23c3-487f-90b1-ff89d22cf6be,e1481d84-b3ee-41b2-9f80-48cea926d057,Active,10108.49,2023-06-23 10:21:49.526711
5d648bc4-a78b-4e9a-b18c-71a547b10e87,Contract97,2021-05-01 03:04:10.023929,2024-10-12 13:27:55.839846,2024-09-26 12:43:08.821174,2024-09-26 12:43:08.821175,,0e8bef06-842d-43e8-8f9b-3125f6dd7789,9dace658-92c4-40fe-8312-af7743473b67,8ff6fcd7-980f-40c8-b5af-c8469b26ae99,Active,19279.47,2020-06-20 06:45:34.662580
4b4ace2e-33ed-4374-b2e4-50f06e68d716,Contract98,2023-12-30 09:00:11.253255,2022-05-24 00:44:03.781664,2024-09-26 12:43:08.821194,2024-09-26 12:43:08.821195,,1f72ea3f-0bdc-436f-be77-447b0f2c0715,41edafb1-9e29-4ccd-a021-d9d22614483f,62238990-84da-43b5-86e0-710bbf9f81c8,Active,8536.01,2020-12-15 10:09:24.487433
52ad50ec-bda0-472c-a354-5f3674b683f0,Contract99,2021-04-14 13:23:23.673524,2021-05-31 13:59:34.264982,2024-09-26 12:43:08.821218,2024-09-26 12:43:08.821218,,146fdd7d-56ef-4770-8b4b-45f1f87d034e,0edceccc-d7f0-4dad-aaca-9c9b426d8417,c911767d-f610-4922-a2ed-e4383a04aa4a,Inactive,6860.02,2021-06-09 01:56:50.690575
