id,invoice,invoiceDate,deliveryDate,itemCost,createdAt,updatedAt,deletedAt,contractId,purchaseId
a3735296-3ebc-4b6f-91a6-3faaf5e903ec,INV-67080,2020-09-14 03:50:20.819240,2022-01-31 18:00:21.645808,328.72,2024-09-26 12:43:08.812352,2024-09-26 12:43:08.812354,,dc198666-eb6c-4451-a161-5e18868eac72,3d1abfc3-6a43-4193-bc00-2e4d31b04c35
e477361b-9a29-4e50-9c1d-e69028ad0b49,INV-80539,2023-02-04 23:26:11.115672,2021-11-09 17:10:37.049063,414.61,2024-09-26 12:43:08.812405,2024-09-26 12:43:08.812406,,dc9b663a-ff7d-4361-867d-3d7db8a1e042,e1481d84-b3ee-41b2-9f80-48cea926d057
3520080a-1395-489d-b36e-f521a85e2fb3,INV-45179,2021-04-15 13:33:09.315570,2020-12-24 10:09:02.610155,467.96,2024-09-26 12:43:08.812469,2024-09-26 12:43:08.812470,,33a9ee25-a453-4930-b26b-5c5ff9df494c,583dc87b-82f9-45a5-bd74-3976733f8090
06caa204-f92b-41c2-98f4-54d3365b1a75,INV-69087,2020-12-22 00:58:29.673304,2021-11-09 11:23:04.811198,309.06,2024-09-26 12:43:08.812500,2024-09-26 12:43:08.812501,,7ff77609-27e3-4dc4-866b-b8b4c87a1671,8e5462a0-491d-49cc-a5e5-e990fdd91ef4
44ea3dd7-ec85-4a70-be68-bc32c5bd67cc,INV-54092,2020-02-11 21:38:52.518710,2023-05-27 09:23:14.583799,99.1,2024-09-26 12:43:08.812554,2024-09-26 12:43:08.812555,,d54b0502-cdf2-4b0f-af95-6cc68849ec5b,8ff6fcd7-980f-40c8-b5af-c8469b26ae99
fa1b4b15-1576-4ef0-ada2-eb1248fccf24,INV-56507,2023-03-10 20:02:44.819723,2021-05-11 21:28:23.032115,441.36,2024-09-26 12:43:08.812585,2024-09-26 12:43:08.812587,,f7e770db-3b78-4433-abec-24995f3ccdd2,62238990-84da-43b5-86e0-710bbf9f81c8
9ba23b47-6a01-49cc-9826-2f15c9ed60d9,INV-46211,2022-03-22 10:55:03.425888,2022-01-24 06:37:08.040329,103.62,2024-09-26 12:43:08.812628,2024-09-26 12:43:08.812629,,5469dad3-4e55-4781-84c7-02edd99f57e7,f7867b55-f714-4d00-ad8b-37811507b79d
216bbd69-5267-460b-b453-6db6b5b3746c,INV-63271,2021-12-14 07:46:03.912893,2023-01-11 22:05:22.048892,348.4,2024-09-26 12:43:08.812672,2024-09-26 12:43:08.812673,,53291997-fe74-44a0-9b75-1e7ad00fc30c,bd6bbb89-f05e-45aa-a2f6-3565dd5c772b
434641d4-b15c-4fff-855b-6cf2171d6351,INV-74332,2021-10-16 08:02:10.383048,2020-01-26 04:12:13.707241,154.18,2024-09-26 12:43:08.812715,2024-09-26 12:43:08.812716,,9341a51b-4c74-4fc1-8119-1a389c971baf,a8a41099-1c75-4ece-a9a8-d677b01bbe3e
80e8ae88-44f9-41a5-97da-c49124b5c78c,INV-41890,2021-03-23 01:27:33.464730,2022-04-29 01:42:27.756166,241.9,2024-09-26 12:43:08.812764,2024-09-26 12:43:08.812765,,b7d5e760-f116-4208-a71d-1bb1fc54a9fa,b9966f29-a707-4a82-9a93-e7a4c0f47c20
001978a3-81a7-4859-baff-971e87540146,INV-55056,2021-09-13 05:39:12.949887,2022-12-25 01:34:39.728802,172.09,2024-09-26 12:43:08.812794,2024-09-26 12:43:08.812795,,ed039632-cc8c-48e0-9d7c-5bbd29e93b54,62238990-84da-43b5-86e0-710bbf9f81c8
9337cc25-3873-40f7-9e50-f18d42dc0a0b,INV-69473,2021-01-30 12:54:41.764485,2021-01-02 01:11:05.330692,69.12,2024-09-26 12:43:08.812834,2024-09-26 12:43:08.812835,,fc78bed1-2f11-48fb-88dd-f2911785872c,edb1d97d-9a56-4bf9-92e4-13316e94952e
25948f8b-e925-4493-b8ae-2dc8a13fac1d,INV-51359,2020-06-23 13:11:53.280877,2022-02-21 08:40:24.049368,383.47,2024-09-26 12:43:08.812863,2024-09-26 12:43:08.812864,,743f15ea-622a-47bd-b9d3-b27a39e1972b,05562e1f-cd66-48af-8f09-a52cfbdd6ef6
962d99ba-d276-4021-a7e7-7901fad995ac,INV-35105,2020-11-11 22:07:04.012847,2021-12-07 22:19:06.585360,365.05,2024-09-26 12:43:08.812905,2024-09-26 12:43:08.812906,,1bd4432c-7249-4e2c-95aa-cc37bc17a284,f4744705-005e-405d-b747-83875908f938
ad5d6bbc-be81-46cc-b0bb-0121ac1598cc,INV-78765,2022-05-21 07:32:51.171184,2023-12-02 13:05:32.969063,417.99,2024-09-26 12:43:08.812960,2024-09-26 12:43:08.812961,,f0314142-edb6-458d-b5c5-35462be919f7,324ef893-267d-4190-9ef4-fe373adb7351
bde0f76b-57af-4512-aafa-9a11b1a24f37,INV-39816,2021-06-10 21:16:21.586780,2021-03-17 07:27:22.719119,356.93,2024-09-26 12:43:08.812990,2024-09-26 12:43:08.812991,,282c34ce-9de4-44be-97b8-828b47eb084d,3ea1d37a-09e5-4d34-99d3-d90e2753e6af
5a55ca3e-2cb6-428b-9d75-d8ee51b0196a,INV-45954,2020-03-07 10:52:12.584827,2020-03-20 14:35:30.297027,153.15,2024-09-26 12:43:08.813018,2024-09-26 12:43:08.813019,,f65e1b55-5708-4f8a-8cb8-e70c24de6ab1,3ea1d37a-09e5-4d34-99d3-d90e2753e6af
d5653900-4a6c-4cb8-b10f-c279ed0dff51,INV-93606,2023-06-21 22:52:49.267537,2021-12-17 16:23:22.042008,437.63,2024-09-26 12:43:08.813046,2024-09-26 12:43:08.813047,,b23f4e20-10e2-4352-ad78-585d71ca24a3,4bbc626d-5bb3-48d1-83c8-aaf2b8969407
01221c9b-13d2-445a-868e-decb5662cd97,INV-47268,2021-11-16 07:40:08.221314,2021-10-05 02:01:36.072069,100.34,2024-09-26 12:43:08.813076,2024-09-26 12:43:08.813077,,b2078f84-9506-4cb0-a67b-30a106a6abee,3222edd4-dcf5-4b73-9300-81db3175a2c4
57cad01b-8430-46bc-ab7f-64391956e2db,INV-43092,2023-10-05 22:52:06.350716,2021-11-28 11:37:50.598443,412.84,2024-09-26 12:43:08.813124,2024-09-26 12:43:08.813125,,fa517ab8-be24-43d0-b000-9810315b92b7,a8a41099-1c75-4ece-a9a8-d677b01bbe3e
7cd5ede2-7dc2-4158-8a6a-05a48755495b,INV-74454,2020-04-18 03:50:21.284727,2022-07-07 23:46:39.257753,36.27,2024-09-26 12:43:08.813156,2024-09-26 12:43:08.813157,,d31867d6-1f04-4657-a1ba-1b2f2df23766,28c2c846-2a52-4b4b-8b9e-a1ea0f74046e
ca1ee821-6513-44f0-9a08-2b6397116442,INV-83772,2023-10-17 17:21:45.029611,2020-05-04 08:44:20.508734,131.61,2024-09-26 12:43:08.813196,2024-09-26 12:43:08.813197,,a3d925e8-9d88-4fca-9809-fc2ef8e8b398,e07fc45c-b31c-4c87-afbe-afade47d099b
443ef5a6-74cc-43e9-8cf6-a8554d49d0f6,INV-64548,2022-06-04 05:22:13.798392,2023-02-28 11:33:31.239768,120.59,2024-09-26 12:43:08.813226,2024-09-26 12:43:08.813226,,fb204b14-538e-4531-8d59-640df0c240e0,6a4bf8c2-5d2d-4a16-b1a1-c52a43831727
96a9766d-da10-4934-bbfe-a90f5d637bd4,INV-59856,2021-10-19 18:01:36.658927,2021-10-08 08:56:38.331014,431.48,2024-09-26 12:43:08.813254,2024-09-26 12:43:08.813254,,2b6953f6-0881-496d-9ee1-daac8ebae5b4,6ee97089-ab97-4897-be60-0019254afbb4
a22c843f-9cb5-4b3a-89cd-9c2f40191640,INV-50026,2022-04-10 04:46:35.942423,2020-03-28 22:28:11.514770,480.45,2024-09-26 12:43:08.813283,2024-09-26 12:43:08.813284,,27c2cc44-adfb-4637-a6ff-08f303c96e4d,512eb0cd-401b-4bb9-b442-35561f292da6
983f5e3a-bd11-4146-9a2e-636b1d61d5d3,INV-37235,2022-07-02 06:02:47.995611,2021-01-21 09:12:00.828583,49.78,2024-09-26 12:43:08.813312,2024-09-26 12:43:08.813313,,7016f70a-fb49-49ea-8c0e-70686e9233a5,f7867b55-f714-4d00-ad8b-37811507b79d
e7a544a2-4d75-4c27-83f5-6093be549808,INV-32782,2022-03-16 21:48:29.826161,2020-08-16 12:54:10.242459,210.17,2024-09-26 12:43:08.813356,2024-09-26 12:43:08.813356,,970fd3e5-9980-41ce-af48-8a73d062e616,9e256be1-870c-4bae-a96a-d044ce37076e
ac068c91-db25-419b-92d4-15026e2300ba,INV-87832,2021-11-17 01:43:59.751946,2020-02-17 15:42:01.917171,151.17,2024-09-26 12:43:08.813393,2024-09-26 12:43:08.813394,,16c88e98-c4ff-4ecc-ae36-460916bbab50,154c4563-47c7-4ad9-83ce-11712e2dae06
77258f3d-7428-4103-ac83-bb0eff98dab5,INV-69510,2020-04-13 22:08:19.664800,2020-12-06 19:10:12.604250,139.63,2024-09-26 12:43:08.813446,2024-09-26 12:43:08.813447,,a35be6b1-269f-474f-9c8b-4179937a10bd,5ec66591-c625-4857-8337-f03aeb650afd
cadd4b72-cdb7-4a50-b59a-844ccd18ad89,INV-87304,2022-08-23 07:51:13.757695,2023-09-25 03:44:34.022151,218.32,2024-09-26 12:43:08.813476,2024-09-26 12:43:08.813477,,f56f6c5c-c0a9-4ccd-a832-177f874117d5,d98849bd-8b2c-4b6a-8df5-642ad0562e95
e7082ae6-44ec-4e7e-a658-ba96bbd63ea7,INV-39466,2022-08-03 13:07:14.548883,2023-08-19 06:44:13.344899,415.05,2024-09-26 12:43:08.813513,2024-09-26 12:43:08.813514,,68567a2a-0236-46a5-95b2-6884308d6424,959c8dab-1df6-46f8-aadb-10c79fb10007
9dc0e0e0-667a-4b83-8d02-658bb022d21f,INV-17816,2020-08-30 05:56:04.323459,2021-03-25 02:43:04.490410,376.99,2024-09-26 12:43:08.813544,2024-09-26 12:43:08.813545,,aa4a6632-36df-4755-a0ac-7353f1b573f1,16a8cf44-618a-4c18-b70b-2358409b88b8
56f2c602-9f1d-455d-a462-c921e7b40bf5,INV-47828,2021-10-03 03:56:12.629500,2021-11-15 07:10:36.762516,159.0,2024-09-26 12:43:08.813582,2024-09-26 12:43:08.813583,,6e382404-c312-4781-ad25-94378b15e67e,a8a41099-1c75-4ece-a9a8-d677b01bbe3e
faeeba36-8755-49c0-b3b5-b93670a3f6ef,INV-45683,2021-12-31 16:32:42.310364,2021-12-21 22:35:04.149066,49.42,2024-09-26 12:43:08.813628,2024-09-26 12:43:08.813629,,607672ff-16a0-4e2e-9c1b-cad675806c93,eecf0efd-4c86-4a13-af8a-e1271d4d3ba5
e411788b-7453-4d6f-9273-00d312cbc088,INV-66626,2022-12-08 10:04:07.218941,2022-05-31 10:07:33.523481,22.67,2024-09-26 12:43:08.813665,2024-09-26 12:43:08.813665,,8cdb2901-4061-48b1-9850-dad3aced259c,31f3c6f2-a4bc-4d4e-b1b8-24c1a695f91d
1b081670-eb0c-49c4-bb5c-3b48e5c03c9a,INV-98381,2023-05-05 11:59:23.392581,2022-04-19 18:58:36.433439,475.89,2024-09-26 12:43:08.813705,2024-09-26 12:43:08.813705,,996ec5c4-9c86-4ef4-a968-82a73fd480b1,f4744705-005e-405d-b747-83875908f938
f46afc0a-659a-4d7e-8c8e-65acc1d81500,INV-98117,2023-04-14 06:36:01.561874,2022-04-21 07:41:39.625729,383.92,2024-09-26 12:43:08.813731,2024-09-26 12:43:08.813732,,50ee7504-3d82-465e-9f3e-5a45ee02db45,9aac52bc-1c2a-4f66-8724-987a8bf2ecda
0d7d00e2-1d35-4c7f-871a-14f4ccbae6a0,INV-71669,2022-01-27 16:29:34.757540,2021-10-07 15:43:05.991182,146.3,2024-09-26 12:43:08.813762,2024-09-26 12:43:08.813762,,3e8b513f-c1b1-42bc-aa1d-c4d2684d60b0,388f3c42-ec61-4090-98c0-03da10c8b914
8b02683b-b839-46df-b16a-a8e5878aebd8,INV-67132,2022-07-15 18:51:23.650816,2021-12-18 22:04:19.591583,54.71,2024-09-26 12:43:08.813801,2024-09-26 12:43:08.813802,,350da654-63ad-474f-adc1-a2e7d4748494,ddaabc5c-a82b-46b7-a462-ba3838369ca0
b755eb91-7d58-4e7c-a4a6-fd250519a7d4,INV-63523,2021-05-01 15:07:34.010489,2022-09-05 09:28:41.425040,430.29,2024-09-26 12:43:08.813830,2024-09-26 12:43:08.813831,,6253f1db-1b02-4de7-a8ae-51d77992b5a7,280c023f-112e-44fe-956b-367fef9328db
0b873c2f-b363-4b36-ab4f-e34f3b83d93d,INV-63955,2022-10-09 18:19:31.930966,2021-02-24 19:09:05.578075,473.14,2024-09-26 12:43:08.813858,2024-09-26 12:43:08.813859,,6df7df93-9d41-4181-9b3b-d3a8e1f62803,f4744705-005e-405d-b747-83875908f938
26ce0ad8-587c-40bb-98ee-26bf3e148427,INV-82102,2020-02-23 13:52:02.806292,2020-05-08 13:36:54.499909,133.68,2024-09-26 12:43:08.813889,2024-09-26 12:43:08.813890,,7658b94b-18bf-4fb2-a7ca-1b5668dc9382,c872f829-75d5-49f0-a45f-fd787468aac2
93231246-0951-401c-9006-44117352ff64,INV-62976,2023-06-16 18:28:00.714640,2023-04-19 09:26:57.129127,10.56,2024-09-26 12:43:08.813917,2024-09-26 12:43:08.813918,,d43ab609-eecd-48f5-ae3a-2845daca6e3d,d98849bd-8b2c-4b6a-8df5-642ad0562e95
5ceb488f-ae97-4f94-a491-a3feebbc80cf,INV-70552,2021-08-26 08:11:41.570910,2020-09-30 20:53:32.101671,187.27,2024-09-26 12:43:08.813947,2024-09-26 12:43:08.813948,,cc61890b-1368-486e-ba80-81b0c9c0f154,86c340ca-edca-40a1-8236-e3bd2a002019
7e265cfd-22fc-40ed-b06c-8f60971d47e0,INV-75338,2022-07-02 02:19:20.369140,2023-01-14 14:04:06.180881,109.74,2024-09-26 12:43:08.813975,2024-09-26 12:43:08.813976,,f31ab41c-1150-47ff-afdd-a35e7f2928f7,0f5127cc-d987-4e43-9b9f-c449378106ee
183ccd4a-8373-49d2-9903-3bf90d78a6c8,INV-27172,2023-09-16 09:39:12.743962,2021-10-01 15:35:16.696810,352.14,2024-09-26 12:43:08.814005,2024-09-26 12:43:08.814005,,4f828828-ccd1-4ac7-b0a1-5e889c41ed93,da4a4e56-93d9-4398-9185-700d784fe7fd
074566ad-19b7-46d0-9efc-0b36419c8799,INV-13783,2023-11-21 19:03:51.935012,2022-06-07 22:51:47.572387,127.26,2024-09-26 12:43:08.814032,2024-09-26 12:43:08.814033,,6eb4cc4e-f46f-4f1a-b5c6-3013570ae2fc,8a8b870d-a949-48cc-814d-3a4308639d7d
0d803d5e-0f9a-4a60-83a5-a1ea2d33ebf0,INV-50730,2022-03-15 05:23:55.699345,2022-03-17 06:53:21.743674,55.67,2024-09-26 12:43:08.814060,2024-09-26 12:43:08.814061,,bf0ef4b6-613d-4ce6-adfc-361ce9b2da5b,c872f829-75d5-49f0-a45f-fd787468aac2
49ee8989-9e17-453a-8288-2af4aba0c92f,INV-70482,2023-10-14 17:00:30.284179,2022-08-03 15:44:50.981938,85.45,2024-09-26 12:43:08.814089,2024-09-26 12:43:08.814090,,b5bf77d8-4e2c-4927-8d5f-9c90c87ac811,e5371ef8-f6f5-466a-9aa8-dd6a0cc66bd0
f70fdb07-d1a1-407e-ac6e-a12bb2f2dc43,INV-48254,2022-01-12 22:52:31.468928,2021-02-03 04:48:30.170999,419.01,2024-09-26 12:43:08.814143,2024-09-26 12:43:08.814143,,b5eee9ea-b5eb-403f-8b2b-1045989c7b9f,6c093836-a3a7-4dc4-9bcd-dc4faa473ea0
2c160648-cee3-4771-a7b1-3833c303c4b5,INV-41946,2021-10-28 21:47:52.816345,2020-07-30 04:15:16.472649,103.4,2024-09-26 12:43:08.814172,2024-09-26 12:43:08.814173,,e4c415c4-58fc-4822-bce1-7655666d82df,9a58bc4f-d8b6-4e3f-9011-b7cab36848b6
886b4238-c63b-4257-976e-63b7896ec4ec,INV-76616,2022-12-25 14:05:26.858593,2020-07-18 07:15:08.620070,44.21,2024-09-26 12:43:08.814208,2024-09-26 12:43:08.814209,,f2f2cdcf-f0cf-499f-8da9-1c811a1ad4d7,fc273d05-be5f-467e-a10f-ffe5d60138b4
236a9bb2-5f62-4ac1-842e-53cc6a33057a,INV-64387,2021-05-11 05:13:42.667410,2023-02-24 01:37:04.432731,140.91,2024-09-26 12:43:08.814238,2024-09-26 12:43:08.814239,,6be4fa80-7b95-4648-a882-d5481e9d6b0b,c241c566-5156-4a72-a8c5-ba37202f8ff1
bae0e0c7-0d07-47ae-9292-9516e1ced2cd,INV-47072,2022-11-26 00:49:35.150801,2023-05-07 17:09:22.781264,294.16,2024-09-26 12:43:08.814283,2024-09-26 12:43:08.814284,,794d3842-9ef6-4507-997d-aba5c1536d69,861a6f1a-f4e4-47e3-abb3-6f7feaee1227
79683eee-b6a3-4d0d-a689-e37dbc563dab,INV-74178,2023-06-17 06:43:52.457867,2021-10-13 23:01:14.348041,247.33,2024-09-26 12:43:08.814324,2024-09-26 12:43:08.814325,,6782b329-a3af-4435-8160-64473922fa73,280c023f-112e-44fe-956b-367fef9328db
b382c7e6-c033-4414-a506-cead4067491d,INV-82340,2023-01-18 19:03:31.045695,2021-07-04 17:26:25.078756,467.1,2024-09-26 12:43:08.814353,2024-09-26 12:43:08.814353,,10d035df-cc77-4218-8a6b-7a31d44c4cb8,edb1d97d-9a56-4bf9-92e4-13316e94952e
994fd861-c94e-442a-baa3-04bb80305cba,INV-41300,2022-04-14 19:47:21.750543,2020-12-07 00:01:41.195527,390.02,2024-09-26 12:43:08.814381,2024-09-26 12:43:08.814382,,c05bee57-bd4d-403d-aa45-1e0df48f2bd7,eecf0efd-4c86-4a13-af8a-e1271d4d3ba5
626cc311-7217-4aea-80a5-490a8149f9cb,INV-51704,2022-12-23 06:28:06.639040,2022-10-26 15:11:05.824018,407.59,2024-09-26 12:43:08.814409,2024-09-26 12:43:08.814410,,aad0358f-969b-4289-b472-cb6b7c098f43,931307b0-9bea-46b5-92eb-926e8cfadf61
080cfb1c-9f5f-4dc4-8bf8-984ea5390f77,INV-96991,2023-03-02 21:28:25.935332,2022-08-09 22:44:44.912678,84.53,2024-09-26 12:43:08.814437,2024-09-26 12:43:08.814438,,4d65a8c4-7d6a-40c8-b14b-8ee4472fabe7,b2adbee9-f9f8-4c04-ad55-552c3f6beb47
ad86ddce-bb2d-416c-9657-e47701839600,INV-26547,2022-01-03 08:16:54.842373,2022-05-11 15:55:20.074826,436.15,2024-09-26 12:43:08.814476,2024-09-26 12:43:08.814476,,e05102e3-2438-4720-9704-49d83ba24e71,3a700d0c-6e4b-4afe-8b74-30ba603e6a10
1aa91b18-c898-42dd-b79d-18b8d1f84eaa,INV-23069,2022-02-06 21:19:33.894253,2021-10-29 02:45:35.026479,364.0,2024-09-26 12:43:08.814521,2024-09-26 12:43:08.814522,,602b279f-eb4c-42e7-a161-f5de1a241c46,3ed06687-ad8b-4843-8f94-5e2406760169
b8897936-4c6f-4939-8d52-3b215d599e74,INV-95823,2023-11-17 03:17:09.827521,2020-04-19 05:58:54.546454,392.95,2024-09-26 12:43:08.814551,2024-09-26 12:43:08.814551,,2a1adebf-759d-4916-aed4-d5e6f234316b,368513be-980d-4b3a-a990-1b340ad9db64
56452bdc-7246-4a06-bd7e-db5541906c87,INV-54375,2022-06-28 23:00:33.819447,2021-08-03 07:48:56.408247,49.35,2024-09-26 12:43:08.814588,2024-09-26 12:43:08.814589,,e5ad2784-0758-401c-bebd-937f4ab1f45c,280c023f-112e-44fe-956b-367fef9328db
da0023ec-1840-4a32-b864-9ca6cd8be15e,INV-98389,2023-06-08 15:21:00.479722,2021-07-08 19:31:45.441098,165.16,2024-09-26 12:43:08.814617,2024-09-26 12:43:08.814618,,d361a03c-dd06-4c8c-8855-1eb44ae9409d,e5371ef8-f6f5-466a-9aa8-dd6a0cc66bd0
c8d95e95-4993-48a6-973e-3fd71a07a604,INV-73956,2023-06-27 16:18:03.346721,2020-02-22 09:54:16.049925,43.53,2024-09-26 12:43:08.814645,2024-09-26 12:43:08.814646,,fd63f9ad-a294-4522-a8d5-da9de2996788,5ec66591-c625-4857-8337-f03aeb650afd
66a27fd5-6241-452a-9376-319ee90f488a,INV-99705,2023-09-06 13:21:20.236542,2023-12-27 05:48:15.625389,375.92,2024-09-26 12:43:08.814690,2024-09-26 12:43:08.814690,,39e0c5cb-5faf-42c4-9630-def2bba1375e,7c1fe8dc-e122-4167-a72c-bba5e889f53e
a0b46fe9-82b3-4de1-937c-0a003a254dd9,INV-22903,2023-01-15 03:21:14.553069,2022-10-24 16:20:04.774882,59.25,2024-09-26 12:43:08.814721,2024-09-26 12:43:08.814722,,80fb3cb1-e71b-40cd-a00a-652765a17797,9d1ee3f1-71a9-46d2-94df-4a18d2c6a6de
d900c735-92e5-49c8-aa57-d6d2823e1664,INV-49251,2023-08-11 23:58:44.883297,2020-03-08 03:31:24.752818,400.11,2024-09-26 12:43:08.814749,2024-09-26 12:43:08.814750,,32fbbe2c-148d-4327-87d7-6f21c3d01937,324ef893-267d-4190-9ef4-fe373adb7351
4c8f6ada-a823-4d72-b0c6-584feed59dd2,INV-56984,2021-07-01 06:25:54.428617,2020-07-31 12:45:56.308705,270.27,2024-09-26 12:43:08.814778,2024-09-26 12:43:08.814778,,3c4ef6cf-077a-4123-bc0f-9b012faf4907,16a8cf44-618a-4c18-b70b-2358409b88b8
ade69995-9494-4e73-91ca-16225c18658c,INV-99364,2023-03-03 01:52:56.513239,2020-09-05 04:13:37.428046,48.69,2024-09-26 12:43:08.814806,2024-09-26 12:43:08.814806,,460a35d2-dda6-419d-aaec-c65ae4968968,8e5462a0-491d-49cc-a5e5-e990fdd91ef4
c1c17332-e772-4d9a-a2fe-3c4a7965a359,INV-91226,2022-09-24 09:02:08.454817,2021-12-27 14:15:37.882703,295.75,2024-09-26 12:43:08.814834,2024-09-26 12:43:08.814834,,a6e3a3df-47f7-43f6-80c7-ebf6e1a8012f,31f3c6f2-a4bc-4d4e-b1b8-24c1a695f91d
3a5269e3-e63e-4f35-916a-986a6fd3e3e4,INV-70443,2022-07-20 08:10:41.773314,2021-11-01 23:21:01.048150,336.75,2024-09-26 12:43:08.814862,2024-09-26 12:43:08.814862,,e9dbda8b-38fa-409e-abd9-b44142b981a7,c09cd4ef-42f5-43b0-aa74-6ac0e5be5f2b
ae86f647-abaf-4898-a1f4-8bb96db0943f,INV-47700,2022-09-16 07:29:07.565625,2020-08-18 15:27:56.870623,226.45,2024-09-26 12:43:08.814890,2024-09-26 12:43:08.814891,,71187cd1-1950-4c3c-b724-97210f492d9c,ddaabc5c-a82b-46b7-a462-ba3838369ca0
2b41b58b-74ff-4d3b-8b84-545d0d391279,INV-87014,2021-03-12 18:21:53.601469,2023-11-05 13:29:55.362240,348.25,2024-09-26 12:43:08.814927,2024-09-26 12:43:08.814927,,893ee24e-48e8-43b5-818a-c7682748981c,944d8d43-b208-4f97-9a0f-52058c5a26d3
80480edb-5b29-45b4-960b-f1807ac0c06a,INV-49599,2020-10-17 20:33:49.135592,2021-07-15 15:39:05.197737,246.77,2024-09-26 12:43:08.814956,2024-09-26 12:43:08.814957,,f1264328-c94c-4374-a1e4-b1f1169a83e3,f7867b55-f714-4d00-ad8b-37811507b79d
39e1ed4c-b097-4914-8145-bccbba4de347,INV-59986,2022-04-15 00:10:16.103892,2022-04-19 05:24:36.120455,496.42,2024-09-26 12:43:08.814984,2024-09-26 12:43:08.814985,,bdeebe7e-e457-48a1-b4da-9641ba463a45,324ef893-267d-4190-9ef4-fe373adb7351
23ba2bce-703e-4db4-ac8e-4774b5b6e795,INV-12875,2023-11-28 19:10:29.062464,2022-08-19 00:22:21.900507,144.5,2024-09-26 12:43:08.815018,2024-09-26 12:43:08.815019,,3a391baf-8187-423d-ac86-b32807a129c4,16a8cf44-618a-4c18-b70b-2358409b88b8
0485776c-a9ab-4063-988c-c8641bcecef4,INV-99889,2023-02-10 08:02:20.459701,2023-11-22 11:02:33.725942,456.2,2024-09-26 12:43:08.815061,2024-09-26 12:43:08.815062,,e403a3e9-2004-47a7-8747-04ec09735984,97256977-4f85-4c1d-9aac-47ad5fd84f56
270c7b1e-551a-429c-bbc2-60ce892a7c90,INV-75107,2023-04-30 22:40:30.160375,2023-08-11 06:50:22.352928,390.11,2024-09-26 12:43:08.815101,2024-09-26 12:43:08.815101,,53b921c9-166e-47a1-b2b7-b5bbe0195e7a,31f3c6f2-a4bc-4d4e-b1b8-24c1a695f91d
4c8e01e5-7d0c-4674-b4f1-fd89b3ca43f6,INV-89569,2023-03-16 19:41:44.852593,2020-11-15 17:55:08.558547,103.16,2024-09-26 12:43:08.815130,2024-09-26 12:43:08.815131,,9fd1d399-0c47-4489-af01-b662e280ca83,23bade80-760e-4559-bdf7-da3b1ed8e5a9
013e9864-c71d-4a56-8848-b19ef88fb46d,INV-98835,2023-01-08 03:25:45.926070,2023-01-25 12:10:33.377956,343.62,2024-09-26 12:43:08.815158,2024-09-26 12:43:08.815159,,9a6ef205-04f9-4633-8dac-42bb8838236d,058a853a-73e7-475c-819f-691af1dcf67d
35d8f740-5cc3-4f0e-a632-bbd3c0fff1b2,INV-92345,2020-05-21 20:37:26.762661,2022-07-05 02:07:55.552434,29.32,2024-09-26 12:43:08.815186,2024-09-26 12:43:08.815186,,cf36134a-7cb5-468b-bf42-c2b953748796,3a700d0c-6e4b-4afe-8b74-30ba603e6a10
a8d03460-7ae1-4fe3-9045-93e64fb02d69,INV-14373,2022-04-26 04:15:58.104392,2022-12-05 05:53:10.566927,54.17,2024-09-26 12:43:08.815213,2024-09-26 12:43:08.815214,,e3c7dfe8-203b-4652-aea7-b05a84746cfb,324ef893-267d-4190-9ef4-fe373adb7351
381d05aa-f4ab-4965-8a46-5eb865678663,INV-52823,2022-12-27 07:43:46.226786,2020-09-13 10:25:41.046127,74.76,2024-09-26 12:43:08.815241,2024-09-26 12:43:08.815242,,fa263588-6a08-46ce-a851-8b4028cc8a68,d98849bd-8b2c-4b6a-8df5-642ad0562e95
2334f290-d689-45bc-8158-563661538b8a,INV-57953,2022-02-14 01:04:01.828364,2023-08-26 16:35:00.909019,416.93,2024-09-26 12:43:08.815282,2024-09-26 12:43:08.815283,,3d6929ca-0edc-4a2c-aae7-4324d152908f,23bade80-760e-4559-bdf7-da3b1ed8e5a9
cd81c8fd-05a8-48ff-8416-eb3dbfc3249a,INV-73156,2023-11-13 09:08:16.903986,2021-03-06 21:45:22.964415,436.49,2024-09-26 12:43:08.815321,2024-09-26 12:43:08.815322,,c4894c2f-c306-4c95-9caf-0cf65b96b076,c872f829-75d5-49f0-a45f-fd787468aac2
eb260d40-3858-4259-ba2c-8ba3782d041f,INV-71385,2023-11-06 19:46:51.535652,2020-07-24 12:07:32.900902,483.59,2024-09-26 12:43:08.815362,2024-09-26 12:43:08.815363,,761787df-7108-4bd8-a535-6289c4b3206a,7bf87dd0-caf6-41aa-8da2-3a5540509af1
7b76de80-596d-4ed8-a4e7-bfb201e00e8a,INV-98395,2023-12-01 17:10:34.273480,2023-11-13 05:07:55.003415,404.25,2024-09-26 12:43:08.815392,2024-09-26 12:43:08.815393,,d2b24bb7-9a43-4b05-9abb-2c91e3114605,665af35e-a128-467d-9fdd-a270c86da18b
8d44c540-3aa0-431c-bc27-5b488f11c4a9,INV-21836,2023-02-28 09:29:46.245683,2020-01-21 07:42:34.829048,272.92,2024-09-26 12:43:08.815439,2024-09-26 12:43:08.815440,,3f18d261-2a23-4cbd-acd6-c43a44202c61,944d8d43-b208-4f97-9a0f-52058c5a26d3
9cf06be6-a8c6-4666-8cf8-ccc49ff646b2,INV-58311,2022-09-09 07:54:23.403083,2022-09-08 14:49:17.541046,296.43,2024-09-26 12:43:08.815467,2024-09-26 12:43:08.815467,,31500541-5ae1-4501-996d-9e749ae14282,28762230-da33-4ed2-8ebb-50224aa9913d
3f2409dd-c056-40c7-9b06-15c9ce495260,INV-58689,2020-06-07 04:26:50.715820,2020-12-07 09:07:10.032578,22.26,2024-09-26 12:43:08.815496,2024-09-26 12:43:08.815497,,3dc4c799-58e3-464f-818e-1a1780f003ee,e07fc45c-b31c-4c87-afbe-afade47d099b
b4b2b0ec-5871-426c-b387-21ceec879fc9,INV-52992,2023-08-29 06:34:01.352497,2020-11-19 04:42:24.086133,40.98,2024-09-26 12:43:08.815525,2024-09-26 12:43:08.815526,,7a4ed838-4d94-4f8f-9b5e-d5bfca66621d,c09cd4ef-42f5-43b0-aa74-6ac0e5be5f2b
0b528965-6891-42b3-8460-5d16e94c6cd3,INV-49608,2022-08-05 21:21:00.712123,2020-06-19 08:19:29.362498,32.22,2024-09-26 12:43:08.815554,2024-09-26 12:43:08.815555,,82a73aec-9510-4b95-be47-e94d2b079478,b2adbee9-f9f8-4c04-ad55-552c3f6beb47
ee6f2042-d025-4c70-9268-c318954f2977,INV-49893,2023-12-25 01:17:42.761098,2020-06-18 12:51:41.920588,125.05,2024-09-26 12:43:08.815591,2024-09-26 12:43:08.815592,,0480cb7a-7648-4020-8759-cd930b76731c,c911767d-f610-4922-a2ed-e4383a04aa4a
aaa78434-06e5-4672-838a-371ad852e503,INV-27781,2021-07-21 10:08:59.724604,2021-06-25 16:14:36.609577,475.2,2024-09-26 12:43:08.815620,2024-09-26 12:43:08.815621,,9f6d87ff-d54a-4370-b346-4903942bdb6c,62238990-84da-43b5-86e0-710bbf9f81c8
4abe36e9-ee7d-4335-8f02-4d7e76242062,INV-80804,2021-09-03 22:12:05.182747,2022-12-19 17:06:22.598556,85.72,2024-09-26 12:43:08.815665,2024-09-26 12:43:08.815666,,725edead-3dbc-4793-a198-4ccea077105e,cebd0f19-c119-4396-92bc-106e7f98f849
d5ff6d01-1d3e-4a0f-804d-5d52a79aab7a,INV-95841,2020-05-24 13:43:05.088925,2021-12-15 10:43:12.734933,209.98,2024-09-26 12:43:08.815696,2024-09-26 12:43:08.815696,,73fd7972-7864-43cd-80a6-21f4c9b7b87b,583dc87b-82f9-45a5-bd74-3976733f8090
7ff42d44-3d2b-4195-9ed7-ab36c0bdcf78,INV-14288,2022-10-04 19:26:04.047773,2020-11-13 05:07:47.106489,227.9,2024-09-26 12:43:08.815723,2024-09-26 12:43:08.815724,,2dd4ee8d-d174-4af8-8391-20aa6699f682,f7867b55-f714-4d00-ad8b-37811507b79d
2f87d7bf-6211-41b1-b0c8-9c9e57384b84,INV-57537,2020-05-25 01:23:09.766316,2022-09-28 02:14:11.408871,276.79,2024-09-26 12:43:08.815756,2024-09-26 12:43:08.815757,,6dc84d7f-84a6-464e-9d37-92dfecb1f651,bd6bbb89-f05e-45aa-a2f6-3565dd5c772b
fb5c4725-16ab-4359-a627-8d0786e56d5d,INV-57012,2020-03-29 09:40:30.447833,2021-02-06 18:53:08.476044,484.42,2024-09-26 12:43:08.815785,2024-09-26 12:43:08.815785,,50682bda-6132-4143-b956-2fbf94f199e6,944d8d43-b208-4f97-9a0f-52058c5a26d3
1f13d05b-567b-4c32-9c4a-e2c354bcb0ee,INV-22015,2022-08-25 15:24:59.694090,2022-07-25 21:19:28.314667,302.6,2024-09-26 12:43:08.815811,2024-09-26 12:43:08.815812,,8ee5c213-9ad3-4f1d-a431-8efb71bfd44d,e2e27140-da9a-4c0d-8f5b-03d2922708e3
9f28ccd8-bbd5-484c-a4c3-e80e1c78a622,INV-16629,2023-02-22 17:16:56.818307,2020-12-21 14:39:14.963859,71.7,2024-09-26 12:43:08.815838,2024-09-26 12:43:08.815839,,e1670bb8-1574-41cc-8479-2263bae50b48,16a8cf44-618a-4c18-b70b-2358409b88b8
c87498af-72ea-409d-85f1-ccba32dd363a,INV-36896,2020-04-10 04:05:59.117876,2023-01-22 03:06:52.024090,111.51,2024-09-26 12:43:08.815865,2024-09-26 12:43:08.815866,,83596c5d-481b-4282-9a00-73a3494be798,8ff6fcd7-980f-40c8-b5af-c8469b26ae99
569cdbba-26d2-4d53-9e4b-f95f4138a9be,INV-40539,2021-04-24 16:43:36.308155,2020-08-03 10:17:54.474533,451.26,2024-09-26 12:43:08.815893,2024-09-26 12:43:08.815894,,df4b1d35-405b-4b4a-8181-f3dccd1b691c,c241c566-5156-4a72-a8c5-ba37202f8ff1
5179e45f-a16d-4dd5-be48-da020f447f20,INV-46342,2023-06-07 06:33:02.406101,2020-07-30 05:52:00.589550,73.7,2024-09-26 12:43:08.815922,2024-09-26 12:43:08.815923,,479bdcbb-33b7-4c0a-8a11-5b2ea9e39961,23bade80-760e-4559-bdf7-da3b1ed8e5a9
d3cac5d8-1d9f-4dea-9306-f7b1b62da7f4,INV-32871,2020-06-09 11:49:09.228165,2023-06-19 00:20:02.447802,74.58,2024-09-26 12:43:08.815950,2024-09-26 12:43:08.815951,,7709297a-1baf-4386-8ef9-42af625132aa,c92838c2-9d54-40e8-af58-bc68e37555a0
3e40957b-8b66-405a-978f-29c56c8dc07b,INV-41186,2022-05-09 17:24:22.999131,2020-01-24 00:58:08.998432,140.03,2024-09-26 12:43:08.815980,2024-09-26 12:43:08.815981,,176bc4a2-4ff9-4e5d-9541-572f12d58f36,3ea1d37a-09e5-4d34-99d3-d90e2753e6af
24dc628a-ad76-4c96-9f73-76df10085a4a,INV-65176,2022-02-07 02:02:12.667161,2022-12-24 16:06:40.453888,243.36,2024-09-26 12:43:08.816050,2024-09-26 12:43:08.816051,,be1c65fe-71a9-4963-b502-a14b43a5d77e,2d9ec1f8-df9f-46ba-af34-80cb33db1ad5
42bae397-4afb-4ddf-a861-bb4dbeb779cc,INV-57453,2022-01-19 07:51:28.924654,2020-06-08 05:15:09.037925,256.88,2024-09-26 12:43:08.816243,2024-09-26 12:43:08.816246,,2e19b6fa-1129-4b51-9bbc-454b8bdb760d,3d1abfc3-6a43-4193-bc00-2e4d31b04c35
7789e955-693d-46a7-b7c8-abae3a2ccdb6,INV-15683,2022-11-27 18:35:40.634222,2023-08-19 18:39:32.919283,332.86,2024-09-26 12:43:08.816315,2024-09-26 12:43:08.816316,,bd5687bc-f805-41bd-b51b-a448fd13cbc7,4d0922b1-880d-410d-aa3a-8f300cbb1576
2b18b459-4b30-411e-82d6-12e63034f94e,INV-70036,2022-07-28 06:39:27.268417,2020-02-15 11:31:06.270393,499.31,2024-09-26 12:43:08.816349,2024-09-26 12:43:08.816350,,f6bca61f-e281-4104-a155-0c435e8be77f,a8a41099-1c75-4ece-a9a8-d677b01bbe3e
09eef897-14df-4787-866d-041813b1c43d,INV-65872,2022-09-28 16:51:22.543274,2021-12-16 19:01:14.337169,455.75,2024-09-26 12:43:08.816369,2024-09-26 12:43:08.816369,,2b5e3045-b59e-4563-b174-c61ed501de03,959c8dab-1df6-46f8-aadb-10c79fb10007
c9c74211-99b5-4911-a2b1-81dd66afbed9,INV-20589,2021-04-15 06:47:53.390081,2020-08-04 13:37:02.104101,71.83,2024-09-26 12:43:08.816388,2024-09-26 12:43:08.816388,,97301cbd-dc80-487d-ad78-24d9f3276b7e,d6fb272a-744e-430e-aead-9715512e0ba2
1be4436e-3818-411b-adc2-73caa2a0ed22,INV-92978,2022-05-04 15:10:43.272214,2022-11-05 17:50:02.352400,196.64,2024-09-26 12:43:08.816406,2024-09-26 12:43:08.816406,,3324cf4d-bde2-4448-b803-4e266952ffde,9a58bc4f-d8b6-4e3f-9011-b7cab36848b6
0e44c8a7-4a09-431d-b0fb-30a7668cc676,INV-79541,2021-03-06 13:13:01.265103,2022-01-08 02:30:34.739922,220.8,2024-09-26 12:43:08.816424,2024-09-26 12:43:08.816425,,c44fe2ee-9da4-4696-bead-45eb71020951,62238990-84da-43b5-86e0-710bbf9f81c8
e9a6f673-1fa7-4291-a04e-9d772bea9271,INV-24996,2023-05-30 01:51:27.053413,2022-08-08 08:07:11.774787,386.79,2024-09-26 12:43:08.816442,2024-09-26 12:43:08.816442,,97de7c69-75e2-4860-a3fc-2934aec38d8e,6ed0c8ec-e55e-4bfd-8aaf-ee9c04acffe6
4e7d1c9a-4b51-4314-823e-e37b274eaf37,INV-38183,2021-09-19 21:39:02.721565,2023-07-20 14:42:33.877716,212.77,2024-09-26 12:43:08.816461,2024-09-26 12:43:08.816461,,9c6a7c27-18ba-433e-9e0d-10dc38b698fe,944d8d43-b208-4f97-9a0f-52058c5a26d3
e9a30523-e5a6-4b5d-befc-9eb680c2f471,INV-62262,2021-08-30 08:16:38.442586,2020-05-18 19:48:28.109585,219.11,2024-09-26 12:43:08.816478,2024-09-26 12:43:08.816479,,26aef565-ad78-4ce0-83cc-11360263e605,d8f2696d-7c51-413f-bc0e-f179e8ff4aec
6708f0af-8f6d-4476-ba2b-1581633532cc,INV-43408,2021-06-30 11:30:28.300252,2020-08-10 20:28:04.526026,462.26,2024-09-26 12:43:08.816503,2024-09-26 12:43:08.816504,,49b993cd-7843-4cff-90d7-26fd5ab7aba2,2e00fdba-a909-4c0e-bd72-100a4c724d41
69a60c51-03cb-4ed8-8d24-3e9ecb7b7455,INV-21957,2023-04-29 09:17:13.099772,2020-05-16 02:46:57.949309,57.32,2024-09-26 12:43:08.816534,2024-09-26 12:43:08.816535,,870f926f-ee1f-49d8-8c0b-6973924b3d55,d37bc46c-b3de-4a1a-b690-78c3188fdf52
d14edb59-d535-4e1f-8830-24e35acb7a9c,INV-58843,2023-03-31 04:23:44.722031,2022-03-23 07:13:50.073463,297.37,2024-09-26 12:43:08.816559,2024-09-26 12:43:08.816560,,5c9f9fb1-f2f7-45cc-a08d-ce023ed2f7b8,e07fc45c-b31c-4c87-afbe-afade47d099b
f57a07dd-781c-4a8a-9873-e2b01e717912,INV-83620,2021-04-26 06:47:42.679766,2020-06-27 10:59:03.259766,183.26,2024-09-26 12:43:08.816577,2024-09-26 12:43:08.816577,,86661409-15d8-499c-a070-e6c5b982dc05,d8f2696d-7c51-413f-bc0e-f179e8ff4aec
8077f375-9c92-4c86-b322-edbdc4025768,INV-65435,2023-06-21 09:56:56.026939,2022-11-18 17:57:58.259754,484.52,2024-09-26 12:43:08.816595,2024-09-26 12:43:08.816595,,5ee64e9f-7c00-4bed-9956-2b9fce147e46,9a58bc4f-d8b6-4e3f-9011-b7cab36848b6
c7048cd5-3162-4ad4-8d87-1530659dba18,INV-50953,2021-05-28 09:40:56.448077,2022-04-23 18:15:53.583770,114.24,2024-09-26 12:43:08.816612,2024-09-26 12:43:08.816613,,9c17a682-8ddf-40df-abbf-a07144cfb186,861a6f1a-f4e4-47e3-abb3-6f7feaee1227
3db6a325-6e77-4fc6-89bb-c4c89a2b4e5b,INV-73201,2020-11-23 09:32:24.768705,2020-06-06 23:58:19.569833,424.23,2024-09-26 12:43:08.816634,2024-09-26 12:43:08.816635,,0556a475-2650-43e2-9ea8-917419a41f5c,8333d317-224b-4f24-86f8-be33d61742a5
a7000b2e-e700-41c1-8ae2-a8a3ee1e28b1,INV-25058,2023-01-18 09:42:04.835042,2022-04-18 04:27:50.946388,405.54,2024-09-26 12:43:08.816657,2024-09-26 12:43:08.816658,,94229068-370f-4282-b457-1ea452b24175,e07fc45c-b31c-4c87-afbe-afade47d099b
f9816e8c-6a9f-474e-b69d-45d8495ef757,INV-91490,2022-06-14 19:36:27.899866,2022-07-27 08:10:43.322150,22.86,2024-09-26 12:43:08.816675,2024-09-26 12:43:08.816675,,c056f633-093e-4d19-8afd-13dc45296686,861a6f1a-f4e4-47e3-abb3-6f7feaee1227
3afc4585-446b-4345-a74a-6f5dd2551a78,INV-45054,2020-02-12 06:31:10.071793,2021-02-02 23:23:39.913778,383.58,2024-09-26 12:43:08.816694,2024-09-26 12:43:08.816694,,e376c826-47e7-49e0-b0d0-ddff47905af9,216e2ed5-52c4-4480-ac91-94976cd4f665
7b18338e-622c-42fa-a5c0-1ffb6cc16fae,INV-56009,2020-01-09 21:56:48.698535,2023-06-23 23:59:21.253332,287.5,2024-09-26 12:43:08.816718,2024-09-26 12:43:08.816718,,f6074b3b-480e-4b83-924c-1c0b762c1274,a8a41099-1c75-4ece-a9a8-d677b01bbe3e
5f525de7-5e4b-4656-9eda-1527a102b42f,INV-19120,2020-07-26 03:17:16.373258,2022-07-13 10:20:50.364417,25.02,2024-09-26 12:43:08.816736,2024-09-26 12:43:08.816737,,9f54e928-da7e-4601-acbf-f06832c680cf,97256977-4f85-4c1d-9aac-47ad5fd84f56
37ad9145-f653-43d6-b1cc-67417bc129a0,INV-79531,2020-11-10 02:15:22.018947,2021-09-04 22:55:50.093429,177.04,2024-09-26 12:43:08.816760,2024-09-26 12:43:08.816761,,3e9c9ae5-75f2-4775-acd3-b03fbaee8d23,8333d317-224b-4f24-86f8-be33d61742a5
970ced3f-3b2c-46c1-98e8-c24547ab6066,INV-50846,2022-11-19 12:43:21.754932,2023-02-08 04:19:12.445085,288.12,2024-09-26 12:43:08.816785,2024-09-26 12:43:08.816786,,9399ba61-b7a8-40d3-8c65-9a2c624f234a,202fe266-63af-485d-9e06-6d7e693ab916
56ba89fa-0264-43b6-82bc-66095f889808,INV-16895,2020-08-15 03:31:11.335056,2023-01-06 11:25:59.536342,34.38,2024-09-26 12:43:08.816808,2024-09-26 12:43:08.816809,,06a9f585-a85f-4bd5-b4f3-01e3f83b7903,202fe266-63af-485d-9e06-6d7e693ab916
ea52c6a7-efc5-4d56-9b3f-58b83f3304cc,INV-45665,2021-10-08 22:40:43.033925,2021-09-11 01:28:39.539566,307.47,2024-09-26 12:43:08.816838,2024-09-26 12:43:08.816839,,8cc6ad97-b880-44a3-a227-427794193e7e,cebd0f19-c119-4396-92bc-106e7f98f849
5565ed12-0d9e-4337-b95c-77fef1530276,INV-45804,2020-11-10 17:32:11.563565,2022-01-18 00:36:52.398975,179.13,2024-09-26 12:43:08.816857,2024-09-26 12:43:08.816857,,f58406ab-e2b2-4731-8b80-aabd10a56320,c872f829-75d5-49f0-a45f-fd787468aac2
9b31bfd6-486b-49fd-97e9-52c13f16daa9,INV-47125,2022-09-17 04:45:17.886208,2022-05-15 23:25:26.881482,268.2,2024-09-26 12:43:08.816875,2024-09-26 12:43:08.816875,,0795368d-554e-4232-98f2-0d268ee087ef,f7325243-0a28-44b4-9e60-11d924d1816e
18dea878-0089-4594-9433-e5771852fc97,INV-15952,2020-11-17 22:57:57.528030,2023-12-08 06:58:33.123259,36.84,2024-09-26 12:43:08.816893,2024-09-26 12:43:08.816893,,1375dd16-59d6-4733-a95e-f4c1fbd10c5e,63ea65f5-7fb4-4d3b-8e85-b877e72dc9bb
bdedad8c-0dba-480a-9124-c8c933d8f40b,INV-49507,2023-10-12 04:09:21.659118,2023-01-25 07:55:38.772817,384.44,2024-09-26 12:43:08.816910,2024-09-26 12:43:08.816911,,84547e2f-bb9a-4e6b-ba6d-62b9729c6686,324ef893-267d-4190-9ef4-fe373adb7351
19b3b274-f86f-4efe-83c6-ac66d4b33b99,INV-53007,2020-06-24 04:15:05.052393,2021-12-27 04:22:54.892600,221.02,2024-09-26 12:43:08.816928,2024-09-26 12:43:08.816929,,715daa2a-d9eb-4de6-ae8c-7611ac90a58c,3ea1d37a-09e5-4d34-99d3-d90e2753e6af
d4ba973e-73db-4286-8f5b-baf792b0a294,INV-59834,2022-02-16 13:41:07.689388,2020-12-01 23:04:46.168774,283.77,2024-09-26 12:43:08.816946,2024-09-26 12:43:08.816946,,e9b7aa70-3a8b-4b61-889e-04cde10eae74,d8f2696d-7c51-413f-bc0e-f179e8ff4aec
7491f8e8-f565-4b04-8a2b-f78810436b55,INV-56421,2020-04-15 05:31:31.442121,2023-06-12 04:13:23.682977,30.73,2024-09-26 12:43:08.816963,2024-09-26 12:43:08.816963,,c6d0d121-de9b-49d3-881d-75560dec2e03,e2e27140-da9a-4c0d-8f5b-03d2922708e3
cb65d68b-bff9-4b12-bc0a-6656badd655a,INV-70260,2023-09-06 21:31:54.137872,2023-06-12 16:20:05.557081,292.12,2024-09-26 12:43:08.816980,2024-09-26 12:43:08.816980,,23faebbd-9593-4283-b6d8-ad66b25b1051,4bbc626d-5bb3-48d1-83c8-aaf2b8969407
3eb8ea7d-ef73-49fe-abc5-b0e491711ece,INV-63008,2022-11-01 20:50:37.008152,2021-09-01 19:59:46.870496,66.43,2024-09-26 12:43:08.816997,2024-09-26 12:43:08.816998,,52bb6dd2-2f0d-4272-8966-149dcf71b9d1,e2e27140-da9a-4c0d-8f5b-03d2922708e3
16039f02-97f5-412b-ac01-ea59ea15c8a8,INV-52568,2020-09-07 22:26:10.490840,2023-10-15 12:24:19.435713,235.45,2024-09-26 12:43:08.817014,2024-09-26 12:43:08.817015,,96e23d96-e26e-4ef2-abe0-453d6e534091,9e256be1-870c-4bae-a96a-d044ce37076e
7efb2b3a-0fc6-4c7f-84e4-2201f75712c5,INV-57428,2020-05-08 16:04:15.746440,2023-05-17 22:43:55.084465,129.23,2024-09-26 12:43:08.817039,2024-09-26 12:43:08.817040,,0a9191aa-1cb5-427d-8e92-f6ff98b05ae5,e1481d84-b3ee-41b2-9f80-48cea926d057
8c558431-5b42-4977-b018-83ade8a07443,INV-62487,2022-02-03 23:38:51.024272,2021-07-31 19:39:54.208624,162.03,2024-09-26 12:43:08.817063,2024-09-26 12:43:08.817063,,31ba30a0-1533-46e1-ba48-3e845f5c5ca0,216e2ed5-52c4-4480-ac91-94976cd4f665
4f5f6ca8-5d05-4ed1-8c0d-693251983a06,INV-39041,2021-05-01 06:43:28.315774,2020-09-02 11:22:12.323715,260.14,2024-09-26 12:43:08.817081,2024-09-26 12:43:08.817082,,c999ec2b-2d90-40c8-ae33-3602e7bffef0,c872f829-75d5-49f0-a45f-fd787468aac2
1db973f9-bb7d-40f2-b4b4-431e02239b89,INV-79547,2022-01-14 12:43:12.949669,2023-08-15 15:31:57.052434,181.19,2024-09-26 12:43:08.817099,2024-09-26 12:43:08.817099,,a2e0a16b-1cdd-4e1e-b4eb-2891cff06148,b22cae7d-0b2e-4a02-9f93-1fa36f3c5183
1a24f16a-ca77-409e-ba63-a316b09accba,INV-94599,2023-04-04 22:53:48.053330,2020-12-10 22:51:37.681536,81.76,2024-09-26 12:43:08.817129,2024-09-26 12:43:08.817129,,c1c274f2-e74a-4cc2-9e68-a8b244685264,d9c9baaf-a957-485b-ba2c-d7333341a7a4
dee24b4e-86f9-43be-ba4c-abb9cbf69ef2,INV-32740,2022-05-29 12:03:37.598298,2023-01-14 21:56:38.241467,331.2,2024-09-26 12:43:08.817147,2024-09-26 12:43:08.817148,,9e8b012f-bbb7-45b6-a9ef-cc024b6b25c3,9aac52bc-1c2a-4f66-8724-987a8bf2ecda
b6437a51-6e53-429a-bbb2-3202b9441ac0,INV-92306,2021-12-22 09:51:38.003793,2023-01-06 11:46:54.179956,382.34,2024-09-26 12:43:08.817165,2024-09-26 12:43:08.817165,,fe666f05-ee00-421b-9ee7-8d1d4a6ada41,2380d98c-1a0f-48b4-a488-5758d9296ae3
eefb3a24-78f1-446c-9938-7c0128b14f98,INV-99277,2023-09-11 06:21:54.769801,2022-04-04 03:47:31.525563,321.3,2024-09-26 12:43:08.817189,2024-09-26 12:43:08.817190,,2f5bf2aa-0978-4f15-a64a-402ef49ec5ee,d6fb272a-744e-430e-aead-9715512e0ba2
41ea794a-259e-4d06-92a3-86ade23878bd,INV-52363,2023-06-15 19:12:37.778734,2022-07-04 17:41:52.575965,83.97,2024-09-26 12:43:08.817221,2024-09-26 12:43:08.817222,,210c3ff5-a55f-4b71-a931-00e76fb461f2,2e00fdba-a909-4c0e-bd72-100a4c724d41
dd09ea28-7a2e-47e4-abfb-cca716e1c790,INV-71462,2021-10-07 14:58:14.004564,2021-03-18 02:49:40.970176,144.59,2024-09-26 12:43:08.817247,2024-09-26 12:43:08.817248,,f2ced573-4aa9-4d7f-a7a0-26f6b1930cdf,74ac7b89-9ced-4ddd-b8ec-e18b9369d4be
a5c91587-121e-49d7-91f6-ee589c1614a7,INV-56129,2022-01-10 17:05:04.057994,2021-03-29 04:41:27.906882,231.44,2024-09-26 12:43:08.817265,2024-09-26 12:43:08.817266,,b42c5ad7-c8bd-416b-8686-95b9d2d76777,74ac7b89-9ced-4ddd-b8ec-e18b9369d4be
e90a5e12-5156-4f33-96ff-6334af34b418,INV-58331,2023-04-29 06:38:59.904513,2020-04-22 00:39:15.412024,433.48,2024-09-26 12:43:08.817282,2024-09-26 12:43:08.817283,,7d84ec14-c136-467d-bca3-bcf287a02264,638aba73-4457-4478-ac59-40b9bd7caed0
5221fd3e-1e9a-4f98-a301-abefcecc91ba,INV-90610,2022-05-17 08:33:24.641166,2021-07-15 08:15:57.526018,294.36,2024-09-26 12:43:08.817301,2024-09-26 12:43:08.817302,,e3bcdbc5-5355-4dea-8d8e-29a1ec511620,d37bc46c-b3de-4a1a-b690-78c3188fdf52
c3742dfb-3b47-4592-9f08-49e75c8882cd,INV-15376,2021-10-18 14:40:08.313340,2023-03-28 07:56:59.122093,329.4,2024-09-26 12:43:08.817319,2024-09-26 12:43:08.817320,,8f4a15f1-6f36-4e96-b9ba-1d91a47124b0,5b764931-2d73-4336-bb73-20c4cf81ce7f
1986002b-09c1-447e-8337-769a305385ea,INV-89299,2021-11-25 10:02:28.100851,2020-08-08 06:10:19.658695,40.32,2024-09-26 12:43:08.817340,2024-09-26 12:43:08.817340,,a3cbd429-dac6-4a3d-a0e9-93e61201aeae,1c71e3d0-a843-451a-aa31-3bf128f12fb2
6be008b8-3001-44db-bccb-273be06fa1ac,INV-55015,2023-12-05 06:47:26.741446,2020-05-03 02:53:34.030107,326.6,2024-09-26 12:43:08.817359,2024-09-26 12:43:08.817359,,b5fea10a-95f1-47ef-b283-af9e75008414,eecf0efd-4c86-4a13-af8a-e1271d4d3ba5
5fc196ad-d9e1-420b-ab2f-2ca6d85eb74d,INV-42472,2022-10-30 03:03:52.270156,2023-12-17 20:09:00.840769,266.79,2024-09-26 12:43:08.817378,2024-09-26 12:43:08.817379,,0a59db43-4998-477d-b142-237529ce4c4a,3d1abfc3-6a43-4193-bc00-2e4d31b04c35
e1824b43-d9af-4033-8128-3650c801efa1,INV-30807,2021-06-15 06:59:04.226595,2023-09-02 04:30:18.326370,199.83,2024-09-26 12:43:08.817399,2024-09-26 12:43:08.817400,,4eaab566-4536-458d-94aa-9b778b7e89eb,2d9ec1f8-df9f-46ba-af34-80cb33db1ad5
00407edb-8fd3-40b7-befa-0d52c7ebd43f,INV-54350,2022-09-18 04:34:34.062268,2020-03-17 10:53:15.844062,319.13,2024-09-26 12:43:08.817420,2024-09-26 12:43:08.817420,,b156ab10-5f80-402a-ab71-5a933689f383,280c023f-112e-44fe-956b-367fef9328db
5725e510-88ba-47fe-891b-4c775a37e1c7,INV-18639,2021-04-26 08:21:50.613571,2022-03-25 15:01:51.467307,199.42,2024-09-26 12:43:08.817437,2024-09-26 12:43:08.817438,,2c07a2f3-0f41-4544-bfd9-71d27476e95a,23bade80-760e-4559-bdf7-da3b1ed8e5a9
c76a5619-1f07-432e-94bc-ed26103ebb88,INV-96057,2023-11-09 00:55:38.654519,2022-05-29 22:38:11.438405,83.68,2024-09-26 12:43:08.817455,2024-09-26 12:43:08.817455,,9dbee065-b02e-4630-86c0-9bddb16bd425,202fe266-63af-485d-9e06-6d7e693ab916
c15de42a-c1c8-462a-a52a-fd9bb90e1ad2,INV-86380,2022-08-26 20:58:05.500028,2023-08-31 10:47:44.826725,162.01,2024-09-26 12:43:08.817472,2024-09-26 12:43:08.817473,,f61bd576-e3af-48ff-8800-2e87c5a916b0,dd2e65bb-b8af-4401-8710-f36ee9dfce55
91187b71-0839-415f-94cf-c33006aa49be,INV-96787,2021-07-26 06:12:27.976000,2022-05-18 18:14:40.683952,469.62,2024-09-26 12:43:08.817490,2024-09-26 12:43:08.817490,,715fd99e-7df2-45e9-a312-0aa40451685e,f7325243-0a28-44b4-9e60-11d924d1816e
2065838c-527e-4978-acf2-1e9961ff3c20,INV-83259,2021-07-03 22:50:34.383166,2023-03-01 19:50:06.012739,408.46,2024-09-26 12:43:08.817507,2024-09-26 12:43:08.817507,,3c9162ba-5380-488a-9ab9-3c203ae01e98,d8f2696d-7c51-413f-bc0e-f179e8ff4aec
282fba10-da9f-471e-b426-49416010a46f,INV-99838,2023-08-25 04:10:38.677655,2020-05-16 10:35:30.825288,338.52,2024-09-26 12:43:08.817524,2024-09-26 12:43:08.817524,,730c04d2-79af-408f-91ad-d59b8517eca4,e07a64f6-854d-4e07-8e58-ca995f12ea03
5555573e-e9d0-4df9-a6bf-dc8337a624d1,INV-57425,2020-01-27 14:47:52.959175,2021-03-26 22:40:01.542138,476.07,2024-09-26 12:43:08.817541,2024-09-26 12:43:08.817542,,327d8888-c85a-481b-b3cf-52b993faceac,216e2ed5-52c4-4480-ac91-94976cd4f665
ba2fafbf-366c-4eb2-818c-48b8f894d40d,INV-73736,2020-10-07 07:51:48.195360,2023-12-30 23:10:50.892420,85.92,2024-09-26 12:43:08.817559,2024-09-26 12:43:08.817559,,1d37ec71-db6f-413b-a695-30ef9fdd6406,324ef893-267d-4190-9ef4-fe373adb7351
a437f3d6-8106-4d00-8307-81e7094e28d7,INV-23256,2022-01-11 05:26:51.121938,2022-02-27 01:34:02.549334,371.94,2024-09-26 12:43:08.817576,2024-09-26 12:43:08.817577,,4729225d-acf9-4edc-9dd7-36ada52bfac2,b9966f29-a707-4a82-9a93-e7a4c0f47c20
49816485-fbc5-4563-a6c0-0099aeeb614b,INV-14947,2022-08-24 10:00:01.718980,2023-07-03 12:48:09.899632,312.84,2024-09-26 12:43:08.817595,2024-09-26 12:43:08.817596,,16e7c603-1c5a-4f1f-94b2-20f7614b98fe,9a58bc4f-d8b6-4e3f-9011-b7cab36848b6
2d1161da-1d6d-48e0-a734-a36593b0f3a5,INV-59377,2020-08-13 05:01:00.324092,2020-09-21 00:50:33.682528,349.49,2024-09-26 12:43:08.817622,2024-09-26 12:43:08.817623,,be9c705c-61a6-4b07-9b22-6b1d527d4168,d6fb272a-744e-430e-aead-9715512e0ba2
a79b5873-9e1f-427a-84cd-349c8d0217b1,INV-31697,2022-11-18 22:15:08.075168,2020-03-04 18:58:57.631894,188.51,2024-09-26 12:43:08.817643,2024-09-26 12:43:08.817643,,0b12f75a-d58b-4074-aa36-b1de2c272941,6ed0c8ec-e55e-4bfd-8aaf-ee9c04acffe6
9ec2e0d0-cd8e-4580-9d55-27f062c7a75a,INV-41133,2023-11-16 14:23:04.788378,2022-06-10 11:15:48.928639,378.67,2024-09-26 12:43:08.817663,2024-09-26 12:43:08.817663,,6524562a-4aa1-49e7-97c5-87ac04d29186,2380d98c-1a0f-48b4-a488-5758d9296ae3
23e91e23-bfcc-41c1-b017-3caf5d46340a,INV-40671,2022-02-18 15:45:02.467537,2021-03-27 19:45:18.344017,406.23,2024-09-26 12:43:08.817681,2024-09-26 12:43:08.817681,,928591b3-e110-422d-a82e-9128851f1c13,6c093836-a3a7-4dc4-9bcd-dc4faa473ea0
0ca56a71-d38f-4731-a298-20e1566ff50d,INV-35430,2021-06-21 01:08:49.834339,2023-10-14 19:26:28.195275,492.38,2024-09-26 12:43:08.817698,2024-09-26 12:43:08.817699,,cee5c1dd-5399-4035-b43f-62fb425acf16,c09cd4ef-42f5-43b0-aa74-6ac0e5be5f2b
414eb41b-dda7-441d-a4c6-48da5f807692,INV-46932,2023-02-10 01:27:58.554855,2022-01-04 05:51:01.691009,215.14,2024-09-26 12:43:08.817715,2024-09-26 12:43:08.817716,,df515e99-abfa-43b9-aad1-0bc1fb09ad2c,8a8b870d-a949-48cc-814d-3a4308639d7d
695c734a-7f48-421c-ad80-13dd1a6a539d,INV-36174,2023-03-15 20:07:23.571373,2020-07-21 01:29:04.749015,132.5,2024-09-26 12:43:08.817732,2024-09-26 12:43:08.817733,,6303cee7-a88f-4dd3-bf4e-22a5ece6b056,bd6bbb89-f05e-45aa-a2f6-3565dd5c772b
894376b4-b5f3-405b-8c28-4c4b333642cd,INV-72991,2023-06-30 05:03:27.916669,2022-03-20 15:06:27.790819,60.27,2024-09-26 12:43:08.817751,2024-09-26 12:43:08.817751,,38e38e18-7b27-486b-a018-4efd019a6988,6a4bf8c2-5d2d-4a16-b1a1-c52a43831727
53a06cfe-f7f0-46f4-beb7-f160ae262fe5,INV-26341,2021-02-20 04:36:28.845500,2023-01-19 03:36:49.440315,143.67,2024-09-26 12:43:08.817768,2024-09-26 12:43:08.817769,,e5c57e8a-27cc-4657-b60c-24f879d171c9,e07a64f6-854d-4e07-8e58-ca995f12ea03
89178038-1d74-4f30-a3a8-1693e4f0ca08,INV-29313,2023-04-28 07:52:37.275895,2020-05-13 21:38:36.531077,456.15,2024-09-26 12:43:08.817786,2024-09-26 12:43:08.817787,,62a61534-7a0f-4867-b5d8-13b5071ebbb2,2380d98c-1a0f-48b4-a488-5758d9296ae3
7f83e313-b899-4c9e-92f1-fa4bdba66c1a,INV-55820,2023-09-20 11:44:10.775417,2021-08-28 17:59:15.287633,204.26,2024-09-26 12:43:08.817804,2024-09-26 12:43:08.817804,,f2e0f1c8-ab52-4610-9342-e6171d95f439,8333d317-224b-4f24-86f8-be33d61742a5
c7cb0feb-9dbf-4695-b842-0e7e35a18bc0,INV-40903,2021-07-17 19:15:38.794617,2020-04-29 03:27:16.271550,120.02,2024-09-26 12:43:08.817822,2024-09-26 12:43:08.817822,,f94816bb-f772-456a-9318-23f207b7e8de,134514a7-1241-4966-9aaa-8ff4857dec81
cb242c9b-b8c0-4808-8b51-f8f22f6cdebb,INV-22987,2023-05-10 04:44:13.624478,2022-08-06 22:37:20.559605,397.78,2024-09-26 12:43:08.817839,2024-09-26 12:43:08.817839,,f57de956-684e-499d-afbb-ec4a8cd40c30,058a853a-73e7-475c-819f-691af1dcf67d
6ae63e05-a5f4-4284-89f9-e71ce69dc538,INV-15020,2021-02-22 20:15:14.694685,2023-04-26 10:50:45.145230,351.08,2024-09-26 12:43:08.817865,2024-09-26 12:43:08.817866,,57c46bbe-71b7-4557-b470-4157c2eb5f30,058a853a-73e7-475c-819f-691af1dcf67d
1233b99f-b567-4f6b-b7f3-95d5d0105757,INV-71487,2021-10-16 22:59:44.334017,2020-01-08 16:00:07.159064,48.82,2024-09-26 12:43:08.817889,2024-09-26 12:43:08.817889,,fd7f631c-8961-4ca5-8024-5ff0851f5d7e,23bade80-760e-4559-bdf7-da3b1ed8e5a9
c6339a44-c2be-4cb5-90bd-7a1424ae68a3,INV-38266,2023-05-04 01:06:25.195877,2022-03-12 06:06:02.737267,366.35,2024-09-26 12:43:08.817906,2024-09-26 12:43:08.817907,,b25edb3b-515a-4e02-a0da-2290b723e6ad,b9966f29-a707-4a82-9a93-e7a4c0f47c20
77b42b54-4ce5-4739-a598-75d771dd34b2,INV-65476,2020-06-11 07:59:15.308741,2021-02-24 15:04:45.460181,157.56,2024-09-26 12:43:08.817924,2024-09-26 12:43:08.817925,,9b1ef6a3-9b94-49d4-8e08-72e2a53b0994,3222edd4-dcf5-4b73-9300-81db3175a2c4
b19dc57d-ff0f-4b05-82a9-e0ba570ba742,INV-41252,2021-09-04 22:41:13.391234,2023-03-05 02:13:29.160213,233.99,2024-09-26 12:43:08.817941,2024-09-26 12:43:08.817942,,f41f67d4-5cf7-49e4-965f-fe56d4e3707e,c872f829-75d5-49f0-a45f-fd787468aac2
2c5d54ad-7bfc-4db1-b5e3-731775e70a1f,INV-75513,2022-05-21 05:44:09.817353,2020-01-24 23:53:41.068660,262.53,2024-09-26 12:43:08.817959,2024-09-26 12:43:08.817959,,862e7fac-e35d-4e82-a455-3e92295f0d95,f7867b55-f714-4d00-ad8b-37811507b79d
f1b0cdd2-5eea-4a6d-8453-ddbad2be016e,INV-28818,2021-03-01 06:10:13.625922,2020-01-03 06:48:51.591983,182.88,2024-09-26 12:43:08.817976,2024-09-26 12:43:08.817976,,4135545e-1cff-40ad-a598-27c9c508a5c4,4bbc626d-5bb3-48d1-83c8-aaf2b8969407
cc618e67-5ad8-4bed-8bf4-45de5abfdc88,INV-64600,2020-09-30 11:28:46.089895,2022-09-02 14:15:00.713894,266.51,2024-09-26 12:43:08.818008,2024-09-26 12:43:08.818009,,5f070128-954e-4887-a5d6-9a03a3d0be03,665af35e-a128-467d-9fdd-a270c86da18b
f1db4e6f-18a2-4cd0-8eab-4f93a08442c4,INV-18870,2023-10-23 23:15:53.555805,2022-03-05 08:37:54.753162,395.34,2024-09-26 12:43:08.818039,2024-09-26 12:43:08.818040,,eca08367-a6ac-4130-ba76-8778ff31b137,2b5329e6-0a18-4acf-9a3b-5cc2c70411c4
0e0c269e-fda1-4b51-b66b-d7d170bda6f1,INV-82633,2020-01-30 16:30:50.732414,2023-06-29 01:32:00.981615,31.33,2024-09-26 12:43:08.818076,2024-09-26 12:43:08.818076,,285985e8-eccf-4531-b0fc-6f89dc0b1f3d,931307b0-9bea-46b5-92eb-926e8cfadf61
8534afc5-2096-4d33-8b77-a9cfcbe24449,INV-58929,2021-01-05 07:54:18.532315,2020-01-24 17:07:40.001007,396.37,2024-09-26 12:43:08.818093,2024-09-26 12:43:08.818093,,1aee4b90-108f-4591-96c8-f74996d22ba8,ddaabc5c-a82b-46b7-a462-ba3838369ca0
74446062-09b4-408e-b19b-0170b27acd02,INV-41604,2022-12-06 02:15:12.209870,2022-07-06 06:07:26.274529,388.04,2024-09-26 12:43:08.818117,2024-09-26 12:43:08.818117,,1d34f772-dc95-4e4f-b154-8dcd1cc86ae8,d37bc46c-b3de-4a1a-b690-78c3188fdf52
350d4177-7452-4bb3-8992-aae3db62dc81,INV-53583,2020-07-13 18:40:19.303220,2021-05-29 08:33:30.873028,175.89,2024-09-26 12:43:08.818139,2024-09-26 12:43:08.818139,,55806d84-dcf4-4b58-97ed-11819548c89c,bd6bbb89-f05e-45aa-a2f6-3565dd5c772b
59550801-5140-4c67-adc6-03adfd41321b,INV-32949,2023-04-27 08:38:35.998788,2022-09-26 15:16:37.657095,490.6,2024-09-26 12:43:08.818156,2024-09-26 12:43:08.818156,,9585aad5-da20-4598-834c-307b2caf3cd2,0370906c-96c1-4c1f-a7f2-03d897e56a61
